step,type,amount
39,CASH_IN,940584138.4548607
42,CASH_IN,1576448970.0187674
3,CASH_OUT,4834670.6220703125
46,DEBIT,851849.5210647583
147,PAYMENT,325071.4486694336
1,CASH_IN,85500789.51052856
103,TRANSFER,2741453.953125
132,CASH_OUT,2826971872.2453046
138,CASH_OUT,1923864054.0347824
145,TRANSFER,44361782.833984375
50,TRANSFER,1672559.4765625
100,CASH_OUT,1506829.126953125
15,PAYMENT,149756881.08876145
45,TRANSFER,710527239.8858032
49,PAYMENT,3127637.435985565
14,PAYMENT,130047919.91095877
94,DEBIT,1273724.2887039185
96,TRANSFER,324800656.52453613
111,CASH_OUT,5900694.28125
136,CASH_OUT,2231683629.8558865
154,CASH_OUT,2089011922.219935
38,TRANSFER,1549153410.159729
45,DEBIT,1038754.7684020996
132,DEBIT,2238725.480911255
26,TRANSFER,15014460.35546875
26,CASH_IN,21161287.310546875
136,CASH_IN,1319420814.2681465
137,DEBIT,649643.2588500977
142,CASH_IN,352211954.34454346
11,TRANSFER,2581932082.7098694
47,CASH_IN,222013693.71565247
11,PAYMENT,173497410.05092907
23,CASH_IN,141310397.97394562
44,TRANSFER,1419458564.6296387
87,TRANSFER,1313660.828125
141,PAYMENT,58904798.75913596
74,CASH_OUT,16897097.74609375
8,CASH_OUT,1096585316.605362
25,PAYMENT,8501799.147503257
55,CASH_OUT,2484575.421875
118,CASH_OUT,16723161.08203125
5,DEBIT,47601.61979675293
77,CASH_OUT,17962750.40625
121,CASH_OUT,25361766.810302734
1,TRANSFER,124297366.3125
10,CASH_OUT,2629174023.303646
102,TRANSFER,3221499.77734375
121,PAYMENT,8177430.737401009
15,CASH_IN,1714817153.9162292
22,TRANSFER,553543029.1039429
134,PAYMENT,183183381.46603632
32,CASH_OUT,4680910.1328125
19,PAYMENT,147910524.39295226
98,TRANSFER,6445709.981933594
137,PAYMENT,154625987.75942945
116,CASH_OUT,8188198.3896484375
13,PAYMENT,171257205.97557443
44,CASH_OUT,2064179260.4575796
66,CASH_OUT,21762995.546875
133,PAYMENT,196055874.54071355
145,DEBIT,238091.6113433838
153,PAYMENT,76739357.16446829
37,CASH_OUT,2541774479.4120445
66,TRANSFER,21762995.546875
78,TRANSFER,5604072.375
141,CASH_OUT,769895654.3757553
156,PAYMENT,115059218.05602407
11,DEBIT,1546801.4611825943
153,DEBIT,472868.5697784424
16,CASH_IN,1746535418.5250769
97,CASH_IN,34583837.01074219
105,TRANSFER,7743884.55859375
48,CASH_IN,112630220.51542664
84,CASH_OUT,18305642.848632812
93,PAYMENT,15783791.785081625
2,CASH_IN,32496559.935546875
27,TRANSFER,5651531.5625
28,CASH_OUT,4323576.03125
43,DEBIT,1554706.0410385132
59,CASH_OUT,12853918.666992188
116,TRANSFER,8188198.3896484375
13,CASH_OUT,2794368231.6450195
128,CASH_OUT,7996242.875
3,DEBIT,96379.84985351562
24,CASH_OUT,110810265.70487976
43,TRANSFER,1983049729.4013062
93,CASH_IN,139277651.07383728
143,DEBIT,514543.5538816452
154,TRANSFER,1982773653.4238281
158,CASH_IN,1113014067.7027197
8,CASH_IN,651968262.6348763
47,PAYMENT,37410031.003133535
107,CASH_OUT,2531010.33203125
139,PAYMENT,173847778.76094234
4,PAYMENT,1262506.116159439
6,CASH_IN,52998161.470214844
4,TRANSFER,25373574.30029297
41,CASH_IN,1435192196.2865982
55,TRANSFER,2484575.421875
105,CASH_OUT,7743884.55859375
119,CASH_IN,110812002.23666382
157,CASH_OUT,2217192563.0243692
38,CASH_OUT,2347358597.749075
64,TRANSFER,7340664.06640625
119,CASH_OUT,205453417.6967163
124,CASH_OUT,11038690.25
136,DEBIT,630057.6791877747
156,DEBIT,965062.3387527466
25,DEBIT,354589.09872436523
107,TRANSFER,2531010.33203125
123,DEBIT,1103.8299560546875
133,CASH_OUT,2769687851.4590454
141,CASH_IN,552317583.7494278
61,CASH_OUT,5163187.32421875
75,TRANSFER,2985307.5625
121,DEBIT,82797.91990661621
159,CASH_IN,1091864291.4192238
151,TRANSFER,5101797.7265625
42,DEBIT,1028958.693435669
51,CASH_OUT,4156666.9453125
70,CASH_OUT,1470624.0
95,CASH_OUT,257848745.6109619
158,TRANSFER,1580438521.679573
26,DEBIT,5714.909942626953
158,CASH_OUT,1995123338.9121475
17,CASH_IN,1678635811.730135
35,CASH_IN,1154726076.0061398
115,TRANSFER,3613110.7890625
139,CASH_OUT,2837199061.2934685
37,DEBIT,674028.8422966003
53,TRANSFER,6308950.713378906
99,TRANSFER,6522057.0234375
10,DEBIT,1231411.2788238525
103,CASH_OUT,2741453.953125
140,DEBIT,614147.7782049179
144,DEBIT,327484.7788553238
154,DEBIT,930306.0200538635
20,DEBIT,1717238.2519760132
24,DEBIT,311853.46943473816
46,TRANSFER,491233318.56385803
92,TRANSFER,1877059.35546875
15,TRANSFER,1995054148.83609
130,TRANSFER,2558732593.8207703
5,CASH_OUT,10303008.579101562
18,CASH_IN,1809671395.2246218
4,DEBIT,11476.22004699707
13,CASH_IN,1543245213.2221832
25,CASH_OUT,46765734.41523743
135,TRANSFER,1505110461.6408691
155,TRANSFER,1971403404.5819244
32,TRANSFER,4680910.1328125
161,DEBIT,2271034.832813263
108,TRANSFER,7763016.2265625
108,CASH_OUT,7763016.2265625
71,CASH_OUT,6827675.6376953125
83,CASH_OUT,5304155.1328125
26,PAYMENT,970195.3860549927
45,CASH_IN,548522181.5659943
79,CASH_OUT,3130803.07421875
111,TRANSFER,5900694.28125
117,TRANSFER,6677644.4140625
23,DEBIT,220436.15983200073
12,CASH_OUT,2747818498.370363
9,PAYMENT,168557968.8062426
10,CASH_IN,1398498808.979496
104,CASH_OUT,3882269.515625
152,TRANSFER,2667510.2109375
11,CASH_OUT,2822789751.3371925
28,TRANSFER,4323576.03125
95,CASH_IN,165058098.35901642
141,DEBIT,491190.4015350342
152,CASH_OUT,2667510.2109375
6,TRANSFER,68691503.25341797
58,CASH_OUT,20416314.1640625
95,PAYMENT,38645571.38488267
16,DEBIT,968802.6369609833
41,TRANSFER,1623087174.7631836
120,TRANSFER,178955574.03125
139,CASH_IN,1675979955.5379057
144,PAYMENT,21026335.45166874
8,DEBIT,507625.638589859
34,CASH_IN,1208102546.1299973
36,CASH_OUT,3080487268.5794296
97,TRANSFER,16082360.744628906
97,DEBIT,37675.98027420044
106,TRANSFER,6203793.34765625
7,CASH_IN,166049774.41537476
17,CASH_OUT,3028075622.2645054
24,TRANSFER,174804220.87347412
89,TRANSFER,1078790.55859375
138,TRANSFER,1198419155.691986
42,PAYMENT,131501669.51807459
10,PAYMENT,151899799.97013777
140,TRANSFER,1583403928.4205437
126,TRANSFER,7427701.8125
142,TRANSFER,646821026.2402344
21,DEBIT,1176643.3299293518
16,TRANSFER,1974842387.1298218
33,TRANSFER,1621799704.4485106
45,CASH_OUT,834401805.1431427
101,TRANSFER,6031120.5859375
30,TRANSFER,487600.462890625
129,DEBIT,347096.39160203934
155,CASH_OUT,2270550219.3446655
16,CASH_OUT,3083640557.016199
54,CASH_OUT,1788799.21875
126,CASH_OUT,7427701.8125
132,TRANSFER,2141292945.1572266
37,CASH_IN,1340350660.1572018
25,CASH_IN,49942785.80529308
56,TRANSFER,10899785.1484375
125,CASH_OUT,9184709.3828125
142,PAYMENT,59580753.71812892
34,TRANSFER,1891001087.425171
122,DEBIT,19225.779724121094
143,CASH_OUT,262554253.67726898
29,CASH_OUT,608840.21875
73,CASH_OUT,1291237.2587890625
146,CASH_OUT,17877538.63244629
138,CASH_IN,1158915051.5453415
12,DEBIT,8944374.096939087
90,CASH_OUT,10387255.34765625
129,TRANSFER,1839140211.7854004
160,TRANSFER,1454386784.1558075
160,CASH_IN,1094176296.3717108
113,TRANSFER,1988499.578125
137,CASH_OUT,2280316782.9029827
20,TRANSFER,1620696608.7690735
38,PAYMENT,97613785.71805418
41,DEBIT,1059432.067369461
43,CASH_IN,1536568941.08327
62,CASH_OUT,2256158.28125
18,CASH_OUT,3194588664.9849014
94,PAYMENT,44478686.37875652
5,PAYMENT,2644895.460729122
39,CASH_OUT,1650151000.2437344
63,CASH_OUT,2053394.8798828125
157,PAYMENT,107824582.81757861
5,TRANSFER,7481237.974121094
7,DEBIT,387519.6678161621
67,TRANSFER,1177300.28125
121,TRANSFER,44972232.119628906
133,TRANSFER,2021291856.4752197
144,CASH_OUT,110960606.90014648
83,TRANSFER,5304155.1328125
144,CASH_IN,77165607.20617676
39,DEBIT,299262.62019348145
85,TRANSFER,12809469.05053711
139,DEBIT,1041060.4639129639
154,PAYMENT,116172192.22906637
12,CASH_IN,1480154004.9800663
68,TRANSFER,14941178.919921875
127,CASH_OUT,11044602.388671875
130,CASH_OUT,2558380555.4437027
143,TRANSFER,421669035.9251404
11,CASH_IN,1435300435.3318405
8,PAYMENT,84876354.05403423
80,TRANSFER,1496311.3125
88,CASH_OUT,17314021.125
160,PAYMENT,116802546.39600623
96,CASH_IN,145244159.48967743
118,TRANSFER,16723161.08203125
47,DEBIT,1234779.9600982666
86,CASH_OUT,26782782.439453125
161,CASH_OUT,2370571297.2606506
1,PAYMENT,8337616.694694042
22,CASH_OUT,474920852.65005493
34,PAYMENT,126919325.99531102
43,CASH_OUT,2845729053.919495
124,TRANSFER,11038690.25
154,CASH_IN,1186542840.2934022
110,CASH_OUT,4422757.65625
23,PAYMENT,38096012.50162125
41,CASH_OUT,2618061805.408943
123,CASH_OUT,10845837.367675781
159,TRANSFER,1479351776.0006714
2,CASH_OUT,15942243.380371094
94,CASH_IN,334714353.1478195
119,DEBIT,209096.7591176033
3,TRANSFER,14174436.70336914
135,PAYMENT,126101947.90734148
76,CASH_OUT,2076363.51953125
161,PAYMENT,130869550.34404874
14,TRANSFER,2007742679.221283
82,TRANSFER,17906237.2890625
115,CASH_OUT,3613110.7890625
133,DEBIT,500765.5102844238
134,DEBIT,465122.9714202881
136,PAYMENT,120135787.88963938
156,TRANSFER,1645539670.2364655
40,TRANSFER,1653431569.6835022
44,PAYMENT,121290087.44773483
92,CASH_OUT,1877059.35546875
47,CASH_OUT,290875420.94091797
49,TRANSFER,13891966.676269531
73,TRANSFER,1291237.2587890625
91,TRANSFER,2169942.501953125
155,PAYMENT,125922169.11196625
41,PAYMENT,110667994.16374016
49,CASH_IN,23705176.892578125
60,CASH_OUT,2525912.26953125
120,CASH_OUT,85275735.41897583
121,CASH_IN,33304210.999938965
159,PAYMENT,106019151.37324667
8,TRANSFER,1605664848.1137085
119,PAYMENT,30658836.848754168
35,PAYMENT,118587983.4857136
38,DEBIT,652321.3810129166
48,CASH_OUT,152296957.67059326
80,CASH_OUT,1496311.3125
94,TRANSFER,513096303.9645996
140,CASH_IN,1209317900.3921776
19,CASH_OUT,3072409623.6845226
128,TRANSFER,7996242.875
3,CASH_IN,21176788.543823242
62,TRANSFER,2256158.28125
150,TRANSFER,7007292.21875
114,TRANSFER,3874487.25
40,PAYMENT,119988759.18596686
44,DEBIT,1569375.789932251
138,PAYMENT,148564624.515871
153,CASH_OUT,1272542234.1191483
30,CASH_OUT,487600.462890625
63,TRANSFER,2053394.8798828125
131,DEBIT,1860591.143125534
148,CASH_OUT,5401384.96875
7,CASH_OUT,204636175.0830841
57,CASH_OUT,1526867.484375
109,CASH_OUT,4194083.013671875
160,CASH_OUT,1991413571.5130424
10,TRANSFER,2943410851.103012
22,DEBIT,1325136.0522499084
24,CASH_IN,87103031.99987793
99,CASH_OUT,6522057.0234375
114,CASH_OUT,3874487.25
146,DEBIT,122232.22052764893
39,TRANSFER,1110662618.6669922
91,CASH_OUT,2169942.501953125
157,DEBIT,1341573.9075622559
131,CASH_OUT,2777325467.5525284
155,CASH_IN,1237424711.3791952
135,CASH_OUT,2015667541.5480957
141,TRANSFER,702759755.2972717
15,DEBIT,1215836.7895531654
109,TRANSFER,4194083.013671875
17,TRANSFER,2241390885.6031494
18,TRANSFER,2089351276.980774
25,TRANSFER,85105901.51098633
40,CASH_OUT,2510366383.864483
58,TRANSFER,20416314.1640625
7,TRANSFER,432135078.795166
19,CASH_IN,1868721005.9135818
159,CASH_OUT,1896238979.8729286
157,TRANSFER,1476124447.867508
84,TRANSFER,18305642.848632812
101,CASH_OUT,6031120.5859375
106,CASH_OUT,6203793.34765625
153,CASH_IN,723874794.160984
156,CASH_IN,1167286599.3630524
14,DEBIT,958296.4674758911
17,PAYMENT,166623077.17086133
81,TRANSFER,5101059.3671875
12,PAYMENT,164235951.62205887
14,CASH_IN,1624930276.7208443
16,PAYMENT,154097525.9114282
76,TRANSFER,2076363.51953125
132,PAYMENT,179934633.37044072
134,CASH_OUT,2453662960.4697123
145,PAYMENT,4754973.516927719
46,PAYMENT,47220312.07669592
142,DEBIT,582399.2510986328
149,TRANSFER,21006775.099609375
156,CASH_OUT,2031564170.7999592
29,TRANSFER,608840.21875
48,PAYMENT,28342000.67604816
93,CASH_OUT,202473051.06565857
120,CASH_IN,96782932.7941742
17,DEBIT,1600335.0050582886
69,TRANSFER,20729184.5546875
137,CASH_IN,1236297245.6149292
145,CASH_IN,35377857.16040039
155,DEBIT,761465.9503631592
33,CASH_IN,977936068.0676131
33,CASH_OUT,1552509172.4081488
39,PAYMENT,75966302.4912591
97,CASH_OUT,20665740.61279297
117,CASH_OUT,6677644.4140625
122,TRANSFER,25222710.809570312
9,DEBIT,1119875.676973343
12,TRANSFER,2353131974.4396057
74,TRANSFER,16897097.74609375
22,PAYMENT,56327474.808250606
94,CASH_OUT,393112177.24783325
122,PAYMENT,999257.7360458374
40,CASH_IN,1326524315.7361317
138,DEBIT,441808.44103622437
146,CASH_IN,24693733.162109375
59,TRANSFER,12853918.666992188
134,CASH_IN,1378115225.802967
140,CASH_OUT,2030617588.3689156
9,TRANSFER,2915950948.328354
18,DEBIT,1233864.9287910461
43,PAYMENT,144851816.9028176
87,CASH_OUT,1313660.828125
131,TRANSFER,2220246667.7193604
27,CASH_OUT,4807049.474609375
148,TRANSFER,5401384.96875
158,DEBIT,379486.84235841036
1,CASH_OUT,66629775.86645508
15,CASH_OUT,3322879186.6088715
20,CASH_IN,1342679682.6219215
21,TRANSFER,787140141.5920105
52,TRANSFER,9674965.890625
21,PAYMENT,68622262.32929707
65,TRANSFER,8163413.876876831
2,TRANSFER,33305060.40576172
71,TRANSFER,6827675.6376953125
131,CASH_IN,1622714798.501339
13,DEBIT,899031.1496601105
67,CASH_OUT,1177300.28125
143,PAYMENT,32703015.519788742
5,CASH_IN,25071346.088745117
6,DEBIT,69496.58979797363
46,CASH_IN,363260892.6214218
70,TRANSFER,1470624.0
72,TRANSFER,29924189.4375
77,TRANSFER,17962750.40625
135,CASH_IN,1177825990.0855217
49,DEBIT,31606.649974942207
157,CASH_IN,1247831201.5253124
34,DEBIT,472993.83904373646
82,CASH_OUT,17906237.2890625
21,CASH_OUT,834013340.0414429
98,CASH_OUT,6445709.981933594
131,PAYMENT,161615881.39112043
36,DEBIT,338575.20838546753
96,DEBIT,295171.4498023987
112,TRANSFER,42418.8515625
159,DEBIT,507754.2903213501
120,DEBIT,686957.98097229
23,CASH_OUT,199875324.54867935
127,TRANSFER,11044602.388671875
129,CASH_OUT,1527775524.785122
31,CASH_OUT,6463563.990234375
49,CASH_OUT,14089518.300292969
51,TRANSFER,4156666.9453125
122,CASH_OUT,15574004.934936523
129,PAYMENT,101839965.15547839
161,TRANSFER,1577493409.8911743
96,PAYMENT,27209790.50250101
2,DEBIT,240648.46954345703
35,DEBIT,226420.71993255615
68,CASH_OUT,14941178.919921875
72,CASH_OUT,29924189.4375
78,CASH_OUT,5604072.375
93,DEBIT,88319.979347229
31,TRANSFER,6463563.990234375
44,CASH_IN,1223680814.4119415
50,CASH_OUT,1672559.4765625
89,CASH_OUT,1078790.55859375
93,TRANSFER,250519416.4333191
149,CASH_OUT,21006775.099609375
33,DEBIT,420153.3691062927
104,TRANSFER,3882269.515625
129,CASH_IN,922288985.8799915
6,CASH_OUT,30301591.58834076
140,PAYMENT,116359927.99368492
36,PAYMENT,191027137.2959304
4,CASH_IN,23541190.368896484
14,CASH_OUT,3110507762.3939104
53,CASH_OUT,6308950.713378906
96,CASH_OUT,240998031.69452667
112,CASH_OUT,42418.8515625
122,CASH_IN,21552634.947631836
3,PAYMENT,3011608.7925453186
52,CASH_OUT,9674965.890625
42,CASH_OUT,2727467903.8597345
146,TRANSFER,21678967.974365234
27,PAYMENT,90481.74069213867
97,PAYMENT,3313900.6530978084
125,TRANSFER,9184709.3828125
130,DEBIT,671755.258972168
158,PAYMENT,100778654.69970304
13,TRANSFER,2337771319.2721024
139,TRANSFER,2119765112.7593384
2,PAYMENT,3937091.68482399
37,TRANSFER,1926867381.2364502
134,TRANSFER,1596204297.3210258
143,CASH_IN,214319862.33628845
9,CASH_OUT,2533949644.466711
34,CASH_OUT,2283627183.3409333
132,CASH_IN,1537005109.8737006
9,CASH_IN,1388800804.7847023
36,TRANSFER,2029746499.2592468
90,TRANSFER,10387255.34765625
135,DEBIT,905507.9666099548
150,CASH_OUT,7007292.21875
42,TRANSFER,1924126978.190216
133,CASH_IN,1487657046.1023116
147,DEBIT,11904.760009765625
153,TRANSFER,1611232054.9464111
123,PAYMENT,105910.33233642578
54,TRANSFER,1788799.21875
57,TRANSFER,1526867.484375
1,DEBIT,663632.3317565918
7,PAYMENT,29722267.243294477
24,PAYMENT,19133672.14141512
37,PAYMENT,152353928.77572477
45,PAYMENT,65128125.02274251
47,TRANSFER,344543930.5363159
81,CASH_OUT,5101059.3671875
22,CASH_IN,370032352.5865669
40,DEBIT,452020.82859802246
102,CASH_OUT,3221499.77734375
20,PAYMENT,126097823.03295684
100,TRANSFER,1506829.126953125
130,PAYMENT,177711682.81423116
147,TRANSFER,16190378.607421875
48,TRANSFER,247239278.27244568
95,DEBIT,374708.1207885742
113,CASH_OUT,1988499.578125
18,PAYMENT,160226377.93740416
23,TRANSFER,277615800.875
95,TRANSFER,391666914.614624
145,CASH_OUT,28317121.750671387
19,TRANSFER,2013377110.2814636
120,PAYMENT,15843400.687177181
85,CASH_OUT,12809469.05053711
36,CASH_IN,1530614081.4296875
61,TRANSFER,5163187.32421875
75,CASH_OUT,2985307.5625
119,TRANSFER,305336971.1639404
137,TRANSFER,1451845333.5183716
130,CASH_IN,1403434634.055191
146,PAYMENT,1943657.892337799
26,CASH_OUT,16676090.174316406
56,CASH_OUT,10899785.1484375
60,TRANSFER,2525912.26953125
160,DEBIT,611739.632561326
6,PAYMENT,12249798.456279755
38,CASH_IN,1247569665.9663696
79,TRANSFER,3130803.07421875
4,CASH_OUT,22721281.647460938
33,PAYMENT,82661437.20222747
86,TRANSFER,26782782.439453125
110,TRANSFER,4422757.65625
69,CASH_OUT,20729184.5546875
144,TRANSFER,167968354.6064453
20,CASH_OUT,2082739609.5079994
21,CASH_IN,548880768.1871967
35,CASH_OUT,2095785967.9397907
46,CASH_OUT,494387962.8274689
48,DEBIT,430081.6286907196
19,DEBIT,1428266.3525848389
65,CASH_OUT,8163413.876876831
123,TRANSFER,11619488.211425781
136,TRANSFER,1730551712.4046936
147,CASH_OUT,3786772.36328125
151,CASH_OUT,5101797.7265625
161,CASH_IN,1306701851.6577454
35,TRANSFER,1926517221.5611572
64,CASH_OUT,7340664.06640625
88,TRANSFER,17314021.125
142,CASH_OUT,487515965.81928635
216,CASH_OUT,125495137.09986877
256,TRANSFER,1076842988.2493591
170,DEBIT,60950.610246658325
173,CASH_OUT,13663938.248046875
176,TRANSFER,1681403.6171875
186,DEBIT,492761.4793395996
205,CASH_IN,1195533280.7922363
239,DEBIT,536810.6501159668
245,CASH_OUT,812345.8828125
225,CASH_IN,677332740.1047587
225,DEBIT,185042.93949890137
187,TRANSFER,2684479443.3580017
188,CASH_IN,1270005281.290392
235,DEBIT,1904866.590309143
165,CASH_OUT,760100102.3720474
174,TRANSFER,3080625.83984375
203,CASH_OUT,2353357825.8337092
242,PAYMENT,2729404.044473648
213,CASH_OUT,592661110.4932117
220,CASH_OUT,4843548.46875
251,CASH_IN,1425000704.4387913
179,DEBIT,476396.51198482513
202,PAYMENT,90112661.66932201
206,CASH_IN,1059933213.2008781
209,DEBIT,580926.5806560516
219,CASH_OUT,4281422.08203125
242,CASH_IN,22845700.115020752
229,PAYMENT,142974614.0121268
199,CASH_OUT,5075902.1640625
226,TRANSFER,2827008432.2891235
231,DEBIT,789941.2746047974
197,TRANSFER,2447486.78125
232,CASH_IN,1095641567.8761787
180,PAYMENT,132542341.36167121
193,CASH_IN,39527836.12487793
206,CASH_OUT,1811579625.1620593
226,CASH_IN,1151875051.2350578
250,DEBIT,2053672.2942810059
257,CASH_OUT,1595281697.2791672
187,PAYMENT,116304169.12553534
170,PAYMENT,2105736.139427185
218,CASH_OUT,11118942.12890625
236,TRANSFER,1327610442.3215332
169,CASH_IN,36285255.01742554
182,TRANSFER,1681899407.4294071
191,DEBIT,425083.64008283615
216,CASH_IN,94592795.4320755
189,DEBIT,351450.7912211418
235,CASH_OUT,2805593786.167179
193,TRANSFER,37392425.25
165,PAYMENT,67023608.85204148
178,CASH_OUT,1970084239.5447464
232,CASH_OUT,2015905562.339562
179,PAYMENT,110559458.93658805
189,CASH_IN,525739667.24651337
211,DEBIT,558112.6892089844
195,TRANSFER,7487699.46875
204,PAYMENT,110382120.2370336
215,CASH_OUT,258067517.96640015
200,TRANSFER,13089572.7265625
212,PAYMENT,117165034.63042212
217,CASH_IN,83574395.29223824
209,CASH_OUT,1833472336.495987
241,CASH_OUT,49841472.951538086
208,CASH_OUT,1753454217.3980217
224,TRANSFER,10117495.90234375
240,PAYMENT,21225767.134742156
240,CASH_OUT,124943623.9091568
188,DEBIT,598089.8793640137
210,CASH_OUT,1893184894.7474794
216,DEBIT,184212.61058044434
231,PAYMENT,107312169.68813288
233,TRANSFER,796935663.6442871
256,DEBIT,1463742.3900909424
183,TRANSFER,1279365575.7136536
201,DEBIT,298707.10579299927
205,PAYMENT,107906195.55542123
247,TRANSFER,3237779.015625
249,DEBIT,726716.0345611572
168,PAYMENT,16031456.220581979
168,CASH_IN,100055364.33807373
210,DEBIT,332187.31886291504
253,CASH_IN,1315849084.4085457
166,DEBIT,595520.9404754639
205,TRANSFER,1952616671.2306633
184,CASH_IN,1286987487.04245
213,TRANSFER,761519477.2889404
163,CASH_IN,1710334598.6584716
179,CASH_IN,1214045275.957014
210,CASH_IN,1086204855.785163
193,DEBIT,381480.1826019287
229,CASH_OUT,1999673087.723341
252,PAYMENT,210413374.78232485
255,PAYMENT,87020995.87629992
187,DEBIT,739768.1777226925
208,PAYMENT,94745271.80064178
249,TRANSFER,1417583663.730011
201,CASH_OUT,975779548.8810949
256,CASH_IN,1023364378.0250993
222,CASH_OUT,2974650.12109375
234,TRANSFER,1642788135.932541
168,CASH_OUT,143317017.4772339
228,CASH_OUT,2345185927.6299734
163,CASH_OUT,2811202538.0935936
195,CASH_IN,4692380.31640625
193,PAYMENT,27128037.275482178
229,CASH_IN,1176329742.7844486
238,CASH_IN,297635240.12112427
166,PAYMENT,52333991.83907163
224,CASH_OUT,10117495.90234375
236,PAYMENT,130572991.05429825
237,TRANSFER,629665733.656189
167,CASH_OUT,270640097.572464
206,PAYMENT,99009565.19739568
232,TRANSFER,1611572065.793213
235,TRANSFER,2622911776.1601562
162,PAYMENT,157587324.66374996
188,CASH_OUT,1997252945.5860214
223,TRANSFER,3293724.234375
229,DEBIT,801097.2000236511
162,CASH_OUT,2747966573.734229
185,DEBIT,3355222.1988754272
170,TRANSFER,31100379.348388672
254,DEBIT,528019.7406721115
166,TRANSFER,482112818.8898926
167,DEBIT,465091.35730552673
211,TRANSFER,1427855892.2976685
249,PAYMENT,112619264.32821491
182,CASH_OUT,2181076529.4705067
191,CASH_OUT,269933515.29424334
241,DEBIT,161641.63025045395
178,DEBIT,908911.7797727585
204,DEBIT,610689.6014137268
185,CASH_OUT,2481847396.46994
227,CASH_IN,1251403346.266646
223,CASH_OUT,3293724.234375
239,CASH_OUT,278087435.3532734
192,TRANSFER,170963554.39123535
216,TRANSFER,271064672.59558105
242,TRANSFER,21490529.5
253,DEBIT,9438142.311981201
257,CASH_IN,947896295.0700493
217,PAYMENT,16453435.803909568
230,PAYMENT,108724155.32171401
248,TRANSFER,14121887.25390625
225,CASH_OUT,1196035436.0528564
239,TRANSFER,395069500.97817993
183,PAYMENT,119444587.64982724
198,TRANSFER,19776602.28515625
209,PAYMENT,91714364.51498032
212,CASH_IN,992760784.042203
162,CASH_IN,1465689843.5890121
242,DEBIT,13769.580078125
164,PAYMENT,144070437.9364748
252,DEBIT,2027215.15127182
197,CASH_OUT,2447486.78125
209,TRANSFER,1184614282.7583618
257,PAYMENT,82252934.21834973
169,PAYMENT,7978800.314609528
233,CASH_OUT,931427238.0177689
244,CASH_OUT,13649662.810302734
189,CASH_OUT,791894827.8340433
226,CASH_OUT,1944904849.2679539
227,DEBIT,418399.6696062088
231,CASH_OUT,1863712047.194275
251,CASH_OUT,2395893317.765197
183,CASH_OUT,2080833337.5154724
186,TRANSFER,1920330643.106018
240,TRANSFER,214212944.89770508
169,TRANSFER,50735345.177368164
189,TRANSFER,631778236.0964966
228,PAYMENT,195952562.63012934
233,DEBIT,373009.1314716339
244,TRANSFER,13649662.810302734
249,CASH_OUT,1350026529.9829082
255,CASH_OUT,1758042881.373642
202,TRANSFER,1324336756.440918
227,CASH_OUT,2218778028.3574905
237,CASH_OUT,679888637.5367584
255,DEBIT,584620.9571533203
240,CASH_IN,99328219.15994263
213,DEBIT,282499.8599281311
217,DEBIT,271328.93017578125
167,PAYMENT,33867515.71772742
190,TRANSFER,494491450.2677002
185,CASH_IN,1494911450.5409737
222,TRANSFER,2974650.12109375
248,CASH_OUT,14121887.25390625
251,PAYMENT,226757352.65885043
254,PAYMENT,101457511.50746012
188,TRANSFER,1310049201.9157562
203,CASH_IN,1339659953.706356
214,TRANSFER,594221407.9924316
226,PAYMENT,201430230.71281862
232,PAYMENT,112797558.98439883
243,CASH_OUT,8123938.0625
175,CASH_OUT,1350000.4375
233,PAYMENT,70543610.53503667
232,DEBIT,711505.4301719666
168,DEBIT,213418.18081474304
189,PAYMENT,52043079.84199369
192,CASH_OUT,109508255.50250244
230,CASH_OUT,1765678379.5207825
164,CASH_IN,1223009722.5397348
180,CASH_IN,1244107381.0720978
237,DEBIT,597232.5557365417
164,DEBIT,710400.3217983246
246,CASH_OUT,846068.7802734375
214,PAYMENT,64825358.6026721
256,PAYMENT,91669352.13231218
181,PAYMENT,156524767.13278246
191,PAYMENT,33504935.47439289
246,TRANSFER,846068.7802734375
172,TRANSFER,3656420.09375
180,TRANSFER,1979456895.4512272
212,TRANSFER,1557888294.0804443
180,CASH_OUT,2283211214.2301197
181,TRANSFER,2041471143.5129395
221,TRANSFER,2643093.015625
225,PAYMENT,141421794.36502498
240,DEBIT,262920.3095178604
257,TRANSFER,979337211.8289795
234,DEBIT,1294307.7483978271
167,TRANSFER,416725958.37545776
192,PAYMENT,15618193.309404373
195,PAYMENT,419847.1287536621
235,CASH_IN,1713330097.7110176
237,PAYMENT,56641632.92048788
241,TRANSFER,77572198.75610352
249,CASH_IN,911844745.365139
162,DEBIT,835492.1508331299
179,CASH_OUT,2134916253.4538822
195,CASH_OUT,7958483.752441406
178,CASH_IN,1170793996.0295496
171,TRANSFER,15417260.71875
194,CASH_IN,24573166.60131836
230,CASH_IN,1053779484.799983
165,CASH_IN,538766749.2985382
201,CASH_IN,596549842.3306317
242,CASH_OUT,18851316.137695312
250,PAYMENT,190488198.56834388
207,TRANSFER,1243747917.3916016
207,PAYMENT,98201756.78249645
214,DEBIT,503428.4514770508
191,CASH_IN,236784804.58544922
239,PAYMENT,38880326.76096845
169,CASH_OUT,40939115.921875
184,DEBIT,3307330.525024414
218,TRANSFER,11118942.12890625
221,CASH_OUT,2643093.015625
166,CASH_IN,361132599.30272764
256,CASH_OUT,1725468872.114448
187,CASH_OUT,2858251495.7426863
213,CASH_IN,439744734.36523247
251,TRANSFER,1722769717.3441772
194,TRANSFER,13032754.810546875
162,TRANSFER,1827063849.6536026
184,PAYMENT,130879875.39403544
252,CASH_IN,1410080393.9552345
177,TRANSFER,1253329699.2769775
190,CASH_IN,350253481.4004898
205,CASH_OUT,2108752007.6353874
251,DEBIT,894627.580039978
182,PAYMENT,121377115.57681942
200,CASH_OUT,13089572.7265625
184,CASH_OUT,2071544509.7110243
207,CASH_IN,1033567239.1730824
228,CASH_IN,1281054094.177682
165,DEBIT,576535.938041687
202,CASH_OUT,1967390009.5506716
228,DEBIT,520483.6301994324
177,PAYMENT,60469902.55149411
183,DEBIT,865043.5629701614
213,PAYMENT,81816952.66432133
253,PAYMENT,171524854.4875539
177,DEBIT,575849.3393630981
192,CASH_IN,113018883.24957561
211,CASH_OUT,2015328260.3597322
239,CASH_IN,218911091.04385376
226,DEBIT,422610.38121032715
234,CASH_OUT,2333483470.71933
237,CASH_IN,501454469.90253353
243,TRANSFER,8123938.0625
178,PAYMENT,107675958.0318836
194,DEBIT,98662.25934076309
177,CASH_OUT,1064914929.529026
179,TRANSFER,1655946105.6447754
233,CASH_IN,602529795.4932764
186,CASH_OUT,2818413098.976265
190,PAYMENT,47304673.80572447
194,PAYMENT,2082013.2634215355
186,PAYMENT,161683230.935112
208,TRANSFER,1210747742.8032227
228,TRANSFER,2090196446.0873566
182,CASH_IN,1248313379.0221825
183,CASH_IN,1211934782.7759628
203,PAYMENT,116924739.7536323
238,DEBIT,459432.9698562622
219,TRANSFER,4281422.08203125
241,CASH_IN,46192430.75488281
245,TRANSFER,812345.8828125
187,CASH_IN,1731484375.7199955
234,PAYMENT,151968408.05173445
165,TRANSFER,687017816.7066803
204,TRANSFER,1513534534.3538742
212,DEBIT,584196.4705276489
220,TRANSFER,4843548.46875
166,CASH_OUT,486513796.2209549
252,CASH_OUT,2399282232.3848524
190,CASH_OUT,458010072.12420654
204,CASH_IN,1337017442.74115
236,CASH_OUT,1983598592.0028992
238,TRANSFER,477888650.0544739
172,CASH_OUT,3656420.09375
250,TRANSFER,2562864795.7874146
254,CASH_IN,1087839046.2778397
164,CASH_OUT,2076856073.4265156
196,CASH_OUT,2499483.0
201,TRANSFER,822124861.0844574
208,DEBIT,492324.6986236572
180,DEBIT,490647.36003398895
184,TRANSFER,1569255679.6338959
194,CASH_OUT,18655664.215820312
238,CASH_OUT,389130630.60427856
205,DEBIT,525110.3799819946
247,CASH_OUT,3237779.015625
207,CASH_OUT,1702650468.400154
207,DEBIT,551009.7310771942
215,DEBIT,198087.3601064682
250,CASH_OUT,2250300195.9129486
254,CASH_OUT,1860846191.9920793
188,PAYMENT,97417305.78239992
206,DEBIT,473817.4385576248
217,CASH_OUT,124231370.48054886
229,TRANSFER,1722568230.601181
236,CASH_IN,1121115741.985695
191,TRANSFER,346187450.05155945
190,DEBIT,336149.33873033524
215,CASH_IN,216864528.2552185
238,PAYMENT,46600770.961603165
202,DEBIT,283758.9292831421
235,PAYMENT,154404552.89688468
186,CASH_IN,1630383187.4722672
203,DEBIT,656713.7618179321
230,DEBIT,587738.9641113281
175,TRANSFER,1350000.4375
195,DEBIT,14365.359771728516
254,TRANSFER,1470967052.166748
182,DEBIT,802683.457939148
208,CASH_IN,1021815798.308464
193,CASH_OUT,32166112.438598633
173,TRANSFER,13663938.248046875
163,PAYMENT,147517421.19275844
177,CASH_IN,668167100.6519012
230,TRANSFER,1502922285.7801514
253,TRANSFER,2183723382.0510178
231,TRANSFER,1556379000.984253
250,CASH_IN,1320554041.8750954
169,DEBIT,130749.13988113403
253,CASH_OUT,2261692259.7273703
176,CASH_OUT,1681403.6171875
181,CASH_IN,1230566605.7555943
216,PAYMENT,23268350.95655155
170,CASH_OUT,29636357.966552734
170,CASH_IN,19357284.10217285
210,TRANSFER,1285694659.3371124
212,CASH_OUT,1717737114.392376
214,CASH_IN,308560364.42626953
241,PAYMENT,6612955.966739893
206,TRANSFER,1235652314.580429
203,TRANSFER,1466577646.8265915
215,PAYMENT,49578013.576776505
217,TRANSFER,188187845.35205078
234,CASH_IN,1243672864.680672
167,CASH_IN,211353038.65122986
178,TRANSFER,2612491292.3582764
198,CASH_OUT,19776602.28515625
214,CASH_OUT,363803629.57657623
255,TRANSFER,1031491137.4421997
257,DEBIT,357672.2003364563
185,PAYMENT,157911083.25392067
202,CASH_IN,1222215901.3284264
164,TRANSFER,1536704568.9819946
168,TRANSFER,182934671.4312744
181,DEBIT,779488.1320419312
252,TRANSFER,1833114872.0755615
201,PAYMENT,49948686.94537568
227,TRANSFER,2309904487.7528
204,CASH_OUT,2323224184.642745
211,PAYMENT,109112430.77447766
227,PAYMENT,223794199.57251292
185,TRANSFER,2015869314.916031
174,CASH_OUT,3080625.83984375
171,CASH_OUT,15417260.71875
181,CASH_OUT,2251977967.0264907
199,TRANSFER,5075902.1640625
211,CASH_IN,1210249808.4699879
231,CASH_IN,1123080930.1017303
215,TRANSFER,516104010.5629196
209,CASH_IN,1031321554.2248535
225,TRANSFER,1570733416.3323975
236,DEBIT,1108882.89420259
163,TRANSFER,2039378168.8705444
192,DEBIT,270857.69899749756
196,TRANSFER,2499483.0
255,CASH_IN,1097661345.217163
163,DEBIT,1926412.892692566
210,PAYMENT,103717963.92570242
276,TRANSFER,1969299487.6015549
348,TRANSFER,4547601362.2595215
364,CASH_OUT,3854187.90625
369,DEBIT,423649.37022805214
285,CASH_OUT,639233652.5340481
263,CASH_IN,224146726.46592712
352,PAYMENT,120582006.38442421
358,DEBIT,421695.3579876423
274,CASH_IN,653819323.5600891
333,DEBIT,403432.6012496948
364,TRANSFER,3854187.90625
269,CASH_OUT,15393450.3125
303,PAYMENT,182354142.7699895
324,TRANSFER,3820167023.522583
260,CASH_OUT,1633913905.1936274
261,CASH_OUT,579071756.3753204
284,DEBIT,768944.1267280579
314,PAYMENT,1736054.4388751984
334,TRANSFER,1108198124.5873413
354,DEBIT,1301112.222169876
358,CASH_OUT,431331531.6637516
279,CASH_IN,905488614.859829
295,TRANSFER,6624422.5830078125
352,TRANSFER,1986699470.0884247
302,CASH_OUT,2069118690.1241379
310,CASH_IN,353202124.2841568
356,TRANSFER,1840545165.1196594
274,TRANSFER,1106702161.4921389
290,PAYMENT,2542384.994861603
301,PAYMENT,180391714.7864914
311,TRANSFER,1162818635.4107666
348,CASH_OUT,1958988411.0348415
360,DEBIT,164473.23986816406
316,CASH_OUT,4639712.609375
323,CASH_OUT,2195051516.8979607
339,TRANSFER,2419888.8901367188
288,DEBIT,276872.2892341614
285,DEBIT,831565.8816051483
329,CASH_IN,1273804439.6583748
346,CASH_IN,1051091341.0292931
333,PAYMENT,108602607.11079073
339,CASH_OUT,2419888.8901367188
305,CASH_OUT,2407666917.056267
265,TRANSFER,55339639.32714844
296,TRANSFER,24936705.08984375
353,TRANSFER,3457625047.3258514
366,TRANSFER,11625368.125
262,CASH_OUT,361252803.77098083
298,PAYMENT,226517124.6899252
300,DEBIT,1001345.1995162964
262,DEBIT,501283.4940395355
286,TRANSFER,1580548076.507576
287,DEBIT,417774.1322784424
305,TRANSFER,15052100081.990936
312,CASH_OUT,118497777.36853027
338,CASH_IN,26297833.37273407
330,PAYMENT,160407527.12564182
280,CASH_OUT,1367143104.5055237
280,PAYMENT,90963314.03366712
282,TRANSFER,2365258903.341034
315,TRANSFER,16600859.587402344
350,DEBIT,701471.0414886475
318,TRANSFER,1692354.6875
260,TRANSFER,1083317423.427948
278,TRANSFER,1650148371.825348
322,CASH_OUT,1906009377.1883316
260,DEBIT,556836.6900463104
263,DEBIT,327350.86126708984
265,DEBIT,212360.1902923584
325,PAYMENT,138519818.18566608
351,PAYMENT,109633843.79411292
264,PAYMENT,11073372.27669406
344,TRANSFER,2623077.28125
303,TRANSFER,8678193551.247559
311,DEBIT,405076.90966415405
331,TRANSFER,2424555705.9330444
361,CASH_IN,38569940.88381958
261,TRANSFER,524267963.20947266
299,TRANSFER,5006693152.843903
311,CASH_OUT,323196116.1604576
313,TRANSFER,167330675.30664062
335,TRANSFER,983975759.0407715
335,CASH_OUT,316805299.0143051
278,DEBIT,693743.0899715424
336,PAYMENT,15702457.425157547
336,CASH_OUT,90416353.66583252
314,TRANSFER,26477547.8125
313,PAYMENT,23815064.050460815
314,CASH_OUT,18431909.94140625
332,DEBIT,561334.3994321823
284,CASH_OUT,1628486118.212052
354,PAYMENT,152566347.5185176
359,CASH_OUT,248086466.1694336
361,CASH_OUT,47346430.4128418
331,DEBIT,804920.6629524231
313,CASH_IN,40084425.099731445
323,CASH_IN,1254969980.4888458
369,CASH_IN,537897107.308384
284,TRANSFER,3164761398.423004
307,DEBIT,1135806.742406845
352,DEBIT,849105.5385818481
357,DEBIT,482587.83880615234
361,TRANSFER,64558826.34423828
303,DEBIT,1002531.8799057007
366,CASH_OUT,11625368.125
275,CASH_IN,848555765.1475372
360,CASH_OUT,118546949.14154053
269,TRANSFER,15393450.3125
309,PAYMENT,113105308.4159131
349,CASH_IN,1189361733.0262604
352,CASH_OUT,1825467663.4982567
359,CASH_IN,247048027.06612304
312,PAYMENT,17326081.874627113
334,CASH_IN,354216899.7279358
342,TRANSFER,1436381.759765625
369,TRANSFER,1833581420.8541489
293,TRANSFER,764798.765625
270,CASH_OUT,3726854.6630859375
306,PAYMENT,184112434.17148876
311,PAYMENT,55868403.49298093
337,TRANSFER,9000635.421875
357,CASH_IN,474235736.46905136
260,PAYMENT,85046615.150092
290,DEBIT,137386.33988952637
341,TRANSFER,4840636.796875
263,PAYMENT,21992027.700406417
283,CASH_IN,1130245383.8610306
304,TRANSFER,22032490989.85083
275,DEBIT,1054179.9512023926
279,DEBIT,521783.4168777466
302,PAYMENT,168917719.78133428
307,CASH_IN,1793342673.2168427
328,DEBIT,2239430.951690674
365,TRANSFER,9368998.369140625
259,CASH_OUT,2274588294.2333617
287,CASH_OUT,238656404.43579102
326,TRANSFER,5482158478.897907
258,CASH_OUT,1650436794.2796822
304,CASH_OUT,1749875854.8012743
320,CASH_OUT,10382223.41796875
289,CASH_IN,36334600.380615234
294,TRANSFER,13408398.0078125
324,PAYMENT,177450293.6913209
338,TRANSFER,12660827.59765625
273,TRANSFER,388720736.15216064
280,CASH_IN,909622916.6722717
328,PAYMENT,170147241.6839956
351,DEBIT,1144036.411140442
300,CASH_IN,1336473474.2333717
301,TRANSFER,5176282832.197449
310,CASH_OUT,440984502.4477234
308,PAYMENT,194700947.10780978
332,PAYMENT,166585950.74279207
300,PAYMENT,188806527.08773714
328,CASH_OUT,1868644934.588768
305,CASH_IN,1365381492.1107788
303,CASH_IN,1089456928.1755524
351,TRANSFER,2119841336.0104485
359,PAYMENT,38941556.624602795
282,PAYMENT,106989272.84915279
322,TRANSFER,4432493185.11261
305,DEBIT,994838.9101696014
337,PAYMENT,867245.3416481018
357,PAYMENT,71934627.75505257
358,TRANSFER,875720674.9007568
336,TRANSFER,275801583.1850586
350,CASH_OUT,1864119720.5905914
355,CASH_OUT,2556099271.936592
259,DEBIT,716181.4916567802
274,CASH_OUT,1006581925.3234717
302,TRANSFER,5825915331.085266
349,CASH_OUT,2057633935.6350327
353,DEBIT,793752.0598678589
299,PAYMENT,214542633.0802431
350,PAYMENT,141192263.77272892
298,DEBIT,975588.120300293
266,CASH_IN,25538157.464660645
318,CASH_OUT,1692354.6875
360,PAYMENT,16001920.299296975
296,CASH_OUT,24936705.08984375
324,DEBIT,1478167.894519329
334,DEBIT,476053.3013000488
329,CASH_OUT,2136161704.0888996
259,CASH_IN,1378402686.788803
329,PAYMENT,179410564.70283237
277,CASH_IN,921063442.6851854
289,PAYMENT,10387016.048084259
344,CASH_OUT,2623077.28125
289,DEBIT,190691.84999465942
323,PAYMENT,225019796.89847088
345,CASH_OUT,912711912.8539352
354,CASH_OUT,2522922933.9438763
264,DEBIT,217807.93992614746
273,CASH_OUT,382415475.6407776
299,DEBIT,4793600.97908783
304,PAYMENT,124372250.79521084
350,TRANSFER,2522872478.1290283
367,TRANSFER,3482735.1640625
288,TRANSFER,629555700.7962646
334,PAYMENT,84108337.09349513
261,DEBIT,458651.9895706177
266,PAYMENT,2453531.529794693
302,DEBIT,638079.390045166
326,CASH_IN,1115521665.7165031
331,PAYMENT,167217301.59921986
277,DEBIT,663739.6793804169
356,DEBIT,676387.6999673843
258,TRANSFER,912737017.7732792
266,CASH_OUT,42345448.869140625
304,DEBIT,610639.9799408913
313,DEBIT,233867.92045593262
349,DEBIT,819928.8392486572
283,PAYMENT,137968960.90983114
287,PAYMENT,72651789.22237015
325,TRANSFER,4179135060.4882812
363,TRANSFER,19013906.53515625
278,CASH_OUT,1372358841.328251
348,DEBIT,2685317.8272399902
355,PAYMENT,156404426.6838187
307,CASH_OUT,2718906863.8173122
356,CASH_IN,1088375675.2081032
357,TRANSFER,1100782810.0578003
264,CASH_OUT,99083434.78222656
288,PAYMENT,90328832.09755212
319,TRANSFER,6110191.421875
347,CASH_OUT,2051324076.0420551
291,TRANSFER,48887154.169921875
294,CASH_OUT,13408398.0078125
340,CASH_OUT,10288289.50390625
322,DEBIT,916423.1730155945
369,PAYMENT,77949918.41189384
276,DEBIT,722528.7444152832
287,TRANSFER,968879710.8439941
303,CASH_OUT,1773707814.0891323
335,DEBIT,397276.82285118103
352,CASH_IN,1114235310.086196
268,TRANSFER,4045207.5
315,CASH_OUT,16600859.587402344
309,TRANSFER,1632846207.95916
276,CASH_IN,947767192.9534798
361,PAYMENT,19547850.642036438
330,CASH_OUT,2337687058.884007
290,TRANSFER,11314120.359863281
353,CASH_OUT,1970944303.0040455
355,TRANSFER,2967970059.3338013
314,DEBIT,61574.460388183594
297,CASH_OUT,1418838613.2263145
308,CASH_IN,1176348964.6740098
319,CASH_OUT,6110191.421875
340,TRANSFER,10288289.50390625
276,CASH_OUT,1402262956.786333
282,CASH_IN,977936727.9440098
310,TRANSFER,1463791738.5252075
325,DEBIT,1042259.6459960938
289,CASH_OUT,35700876.66931152
292,TRANSFER,3005441.61328125
360,CASH_IN,88273594.76867676
262,PAYMENT,37047948.74340904
264,CASH_IN,103692227.35522461
310,DEBIT,285890.4397678375
359,DEBIT,1509311.9179992676
259,PAYMENT,97852713.05008435
307,TRANSFER,3805762473.4781494
325,CASH_OUT,1911035326.8750496
273,DEBIT,296416.50291252136
321,PAYMENT,91953982.59742737
332,CASH_OUT,1818853697.573017
346,TRANSFER,2891218360.657837
281,DEBIT,597586.3597640991
297,PAYMENT,172263433.16603184
338,PAYMENT,2477958.2340660095
358,PAYMENT,88856124.92758942
265,CASH_OUT,36229989.68310547
307,PAYMENT,192857221.26119375
351,CASH_IN,1111599608.759777
282,DEBIT,1740639.7779483795
317,CASH_OUT,3177044.011444092
330,DEBIT,815055.1491851807
347,TRANSFER,3439831497.5418396
261,PAYMENT,42339316.61395073
345,PAYMENT,81973410.5804131
286,DEBIT,323351.08907699585
308,CASH_OUT,1984938686.5587597
341,CASH_OUT,4840636.796875
355,CASH_IN,1552783144.115241
291,PAYMENT,62040.15821647644
297,CASH_IN,880412613.6309433
312,CASH_IN,97818714.4090271
328,TRANSFER,8447689041.0095215
338,CASH_OUT,12542849.260742188
275,CASH_OUT,1401926583.095749
277,TRANSFER,1599533658.57135
298,CASH_OUT,2120932580.1588745
347,DEBIT,973611.5374364853
367,CASH_OUT,3482735.1640625
333,TRANSFER,1305193799.9054565
348,PAYMENT,186735126.95011365
283,TRANSFER,3095227832.9619675
295,CASH_OUT,6624422.5830078125
300,TRANSFER,5881952886.52832
302,CASH_IN,1220373667.7704735
306,TRANSFER,3169003007.409912
356,PAYMENT,123939724.63497669
336,CASH_IN,87715037.04881287
337,CASH_OUT,14250909.353637695
358,CASH_IN,358172405.92030525
280,TRANSFER,1699918227.8757343
316,TRANSFER,4639712.609375
362,CASH_OUT,35065426.41682434
262,CASH_IN,313422320.5561981
267,CASH_OUT,8314219.9609375
278,CASH_IN,912936723.8472443
297,TRANSFER,3539253828.5856323
323,TRANSFER,4184819853.257141
355,DEBIT,996706.9113311768
273,PAYMENT,20289673.953711987
322,PAYMENT,178430744.2592497
281,PAYMENT,96392434.11721015
308,DEBIT,625282.590359211
329,TRANSFER,2511260009.5386667
275,TRANSFER,1176022163.1089063
290,CASH_OUT,10925434.074951172
330,TRANSFER,2057133913.3608475
346,PAYMENT,151478800.188097
266,DEBIT,121378.48041725159
284,CASH_IN,982301622.876297
369,CASH_OUT,833489762.7985382
335,CASH_IN,293554523.2840195
347,CASH_IN,1264096806.5070038
309,CASH_OUT,677532039.4908371
357,CASH_OUT,643670071.1742201
288,CASH_IN,94900489.29260254
342,CASH_OUT,1436381.759765625
345,TRANSFER,2239377776.067505
261,CASH_IN,422884471.1477814
270,TRANSFER,3726854.6630859375
301,DEBIT,844813.9300842285
338,DEBIT,116758.35964202881
275,PAYMENT,80745595.68060458
337,DEBIT,46477.820220947266
285,CASH_IN,411525714.6618805
288,CASH_OUT,125466837.06759644
283,DEBIT,2945822.4380340576
313,CASH_OUT,32684704.2857666
322,CASH_IN,1096744375.5145874
326,PAYMENT,153999142.0028708
343,TRANSFER,2649961.7890625
272,CASH_OUT,7381464.734375
328,CASH_IN,1158988455.7557697
330,CASH_IN,1377601900.2788067
327,TRANSFER,11410075295.501465
348,CASH_IN,1233197291.3266106
368,CASH_OUT,1450469.328125
281,CASH_IN,893754890.8515949
323,DEBIT,1250370.8349246979
274,PAYMENT,58620847.113987446
312,TRANSFER,388775044.4091797
349,TRANSFER,2263172156.485016
266,TRANSFER,34546618.763183594
327,PAYMENT,152613868.65432262
368,TRANSFER,1450469.328125
271,TRANSFER,10805937.8671875
277,PAYMENT,87735078.95303637
327,DEBIT,1966808.2075653076
326,CASH_OUT,1795867508.9146461
337,CASH_IN,13346457.994140625
350,CASH_IN,1111409246.043253
353,PAYMENT,129391067.47284698
359,TRANSFER,546134562.4725342
286,CASH_OUT,430639653.8275833
306,DEBIT,1222466.907333374
272,TRANSFER,7381464.734375
325,CASH_IN,1186581937.3391037
345,DEBIT,475994.4398498535
258,PAYMENT,77501199.44032645
293,CASH_OUT,764798.765625
332,CASH_IN,1212182881.5751524
271,CASH_OUT,10805937.8671875
332,TRANSFER,2034397089.6275177
365,CASH_OUT,9368998.369140625
285,TRANSFER,1715088668.210144
349,PAYMENT,190728594.94933534
286,CASH_IN,354621947.2379074
262,TRANSFER,509268059.83914185
259,TRANSFER,1325337679.5582085
279,TRANSFER,1799188267.4158936
317,TRANSFER,3177044.011444092
321,TRANSFER,2731958804.349365
335,PAYMENT,55965367.817985296
274,DEBIT,520373.15156555176
299,CASH_IN,1351413822.6480818
267,PAYMENT,72927.49934434891
276,PAYMENT,92570109.57393384
289,TRANSFER,118329651.53710938
312,DEBIT,208544.51973724365
326,DEBIT,743168.5793113708
336,DEBIT,200077.17110443115
298,TRANSFER,5809589505.065674
308,TRANSFER,2987353184.4071426
265,CASH_IN,48531610.86907959
351,CASH_OUT,1829995133.6033058
285,PAYMENT,76299102.20889044
314,CASH_IN,24233058.30810547
321,CASH_OUT,1117352249.439724
331,CASH_IN,1402991632.4601488
356,CASH_OUT,1639998616.276188
362,TRANSFER,57868459.83747864
309,CASH_IN,477430512.4926605
258,DEBIT,443896.26323509216
287,CASH_IN,164052786.55834198
299,CASH_OUT,2274125602.654358
301,CASH_IN,1260485910.1818619
343,CASH_OUT,2649961.7890625
362,CASH_IN,26058864.942871094
264,TRANSFER,154922388.54050446
267,CASH_IN,44418.8984375
346,CASH_OUT,1732084166.9687386
265,PAYMENT,4459562.669710636
281,CASH_OUT,1481228667.2583504
284,PAYMENT,146729257.83356816
306,CASH_OUT,2874187828.4992867
258,CASH_IN,942661427.6617508
278,PAYMENT,86517493.60212278
286,PAYMENT,69254121.80868918
282,CASH_OUT,1629230193.9020615
306,CASH_IN,1726900794.2036343
309,DEBIT,239815.22900772095
310,PAYMENT,92958097.9871645
329,DEBIT,2023836.2922859192
346,DEBIT,788044.2693862915
292,CASH_OUT,3005441.61328125
324,CASH_OUT,2071733520.097765
331,CASH_OUT,2412378828.9655294
334,CASH_OUT,418439909.82364273
297,DEBIT,459632.40797424316
301,CASH_OUT,2257636154.7077904
347,PAYMENT,208230140.30429924
260,CASH_IN,984614950.0171432
263,TRANSFER,216399029.2292595
267,TRANSFER,45957891.375
279,CASH_OUT,1439994865.9051952
290,CASH_IN,27228880.12158203
354,TRANSFER,2785508079.273712
360,TRANSFER,252039522.4847412
268,CASH_OUT,4045207.5
320,TRANSFER,10382223.41796875
324,CASH_IN,1235795169.8072548
333,CASH_OUT,610670547.9916964
362,DEBIT,84230.67010498047
363,CASH_OUT,19013906.53515625
280,DEBIT,479147.0214691162
298,CASH_IN,1259963836.886355
361,DEBIT,104258.24021148682
273,CASH_IN,265805768.9855957
300,CASH_OUT,2193823138.2815895
327,CASH_OUT,1732852914.6723022
321,DEBIT,481986.8305902481
354,CASH_IN,1502916779.5216446
279,PAYMENT,86062689.78655642
283,CASH_OUT,1892183158.0996628
345,CASH_IN,540570022.9401083
291,CASH_OUT,6460825.48828125
305,PAYMENT,179103229.0343895
311,CASH_IN,301448508.82347107
362,PAYMENT,1392572.184621811
281,TRANSFER,2032344022.8791027
333,CASH_IN,494504737.73280334
277,CASH_OUT,1435246731.1484184
321,CASH_IN,674420686.0710373
327,CASH_IN,1026563245.7704573
263,CASH_OUT,222373059.04968262
353,CASH_IN,1220634465.7718005
304,CASH_IN,1056200611.5542221
378,TRANSFER,1752319470.967865
469,CASH_IN,230903038.74298096
514,TRANSFER,1059536591.7680511
531,CASH_IN,16469937.969848633
601,TRANSFER,43252508.46128845
640,TRANSFER,57476073.1953125
692,DEBIT,123877.25952911377
729,CASH_OUT,1192978.2734375
371,TRANSFER,2758420622.865814
396,PAYMENT,207200648.32584476
530,PAYMENT,952670.3689804077
550,CASH_OUT,164860699.49035645
584,PAYMENT,555807.4686889648
585,DEBIT,14560.16015625
635,CASH_OUT,4878587.037109375
644,DEBIT,19692.649536132812
656,PAYMENT,6264169.371525764
673,CASH_IN,19411637.48840332
381,TRANSFER,883144563.8413086
495,CASH_IN,132783773.66217041
599,CASH_IN,49083122.14996338
600,TRANSFER,17907195.875
627,TRANSFER,3709541.375
400,PAYMENT,178282616.0221398
429,TRANSFER,122505058.17163086
524,DEBIT,27022.409729003906
553,CASH_OUT,2338708.546875
563,DEBIT,28904.700241088867
566,PAYMENT,7538916.498707771
670,PAYMENT,7830774.6527581215
690,PAYMENT,17597785.51246202
380,CASH_OUT,1928157623.0003376
418,TRANSFER,1379136.39453125
548,PAYMENT,22469534.10255015
573,CASH_IN,105995044.56401062
681,CASH_IN,189810229.08213806
683,CASH_IN,90643485.6737976
700,CASH_OUT,1094960.328125
392,CASH_OUT,3967679.28125
594,CASH_OUT,397102694.6974335
667,CASH_IN,58580738.44252777
692,PAYMENT,35255911.34635818
455,TRANSFER,36338679.56311035
552,TRANSFER,51275867.14892578
572,CASH_OUT,5630588.96875
661,CASH_OUT,335801849.97019386
686,CASH_IN,194158656.39378357
719,CASH_OUT,9629677.7578125
404,DEBIT,757889.5576515198
571,DEBIT,34657.02996826172
574,CASH_IN,96875686.622818
601,PAYMENT,2979014.0186553
628,CASH_OUT,1194322.8046875
668,CASH_OUT,13445251.65625
687,PAYMENT,29875144.460256338
407,CASH_OUT,248393099.74176025
481,CASH_OUT,3738033.7734375
540,DEBIT,253719.7301940918
552,CASH_OUT,27250619.864013672
620,TRANSFER,735292.08203125
638,CASH_OUT,15222545.2734375
712,CASH_IN,738826.45703125
416,CASH_IN,69853425.54364014
419,TRANSFER,37337405.634765625
438,TRANSFER,6994170.015625
460,TRANSFER,15031115.5625
695,CASH_IN,96416028.49157715
725,CASH_OUT,996581.8671875
414,TRANSFER,20197672.921875
461,PAYMENT,72135.69028353691
526,CASH_IN,81843755.51797485
729,TRANSFER,1192978.2734375
386,CASH_IN,30163021.764648438
387,CASH_OUT,71172727.20898438
395,TRANSFER,1321967204.6822815
400,CASH_IN,1246856963.4279432
436,CASH_OUT,13793437.303710938
449,TRANSFER,54263136.181640625
549,CASH_IN,24542643.508972168
586,DEBIT,14139.030302524567
587,CASH_IN,130957260.22589111
625,TRANSFER,29593562.826171875
399,TRANSFER,2437451254.029114
405,PAYMENT,85226296.42442942
475,TRANSFER,2083918.767578125
483,DEBIT,3018.2000122070312
487,CASH_IN,32664607.45501709
505,CASH_IN,26357358.927734375
575,TRANSFER,2181204.8515625
590,PAYMENT,24147336.25870943
631,TRANSFER,17161454.112487793
648,TRANSFER,3778443.865234375
659,PAYMENT,7687764.072463989
740,TRANSFER,3816481.75
419,CASH_IN,68822480.55541992
433,TRANSFER,1870176.9448242188
442,CASH_IN,53339446.43765259
457,CASH_OUT,2498070.296875
587,CASH_OUT,154100141.68234253
377,PAYMENT,77640762.01912498
426,CASH_IN,186280712.0716858
501,CASH_OUT,39807335.578125
505,DEBIT,35319.899963378906
598,PAYMENT,4029920.106352806
670,CASH_OUT,74013671.05541992
743,TRANSFER,8759913.0
514,CASH_OUT,541214298.2234688
540,CASH_IN,199608562.43922424
566,CASH_OUT,86562925.5849762
651,TRANSFER,13724670.5
683,DEBIT,39157.8798828125
386,CASH_OUT,47301416.65698242
443,CASH_OUT,4941633.09375
460,DEBIT,53614.75
472,TRANSFER,38737275.25
573,CASH_OUT,134711798.93580246
592,CASH_IN,215205111.5655899
614,DEBIT,62070.410572052
684,CASH_OUT,273429014.370697
731,TRANSFER,1940477.6796875
430,CASH_OUT,6678467.6875
458,DEBIT,17812.25016784668
483,CASH_OUT,19702915.71875
491,TRANSFER,4824577.7421875
519,TRANSFER,2931460.9169921875
587,PAYMENT,10612080.015285432
608,TRANSFER,55756378.431640625
616,CASH_OUT,8596468.6796875
408,TRANSFER,492972380.7765236
530,CASH_OUT,14347933.8203125
534,CASH_OUT,16045754.338867188
576,CASH_IN,28443314.880859375
383,CASH_OUT,259963406.18367004
487,PAYMENT,3105562.5497751236
540,PAYMENT,29134643.87602997
557,CASH_OUT,9671781.67553711
687,DEBIT,321309.1298311949
710,CASH_OUT,195319377.51049805
722,TRANSFER,4755657.8359375
381,PAYMENT,69975000.62668705
500,PAYMENT,24498942.61405897
645,TRANSFER,12139875.73828125
711,CASH_OUT,7185662.703125
370,CASH_OUT,1704613265.3226624
398,CASH_IN,1091755313.2917483
437,TRANSFER,12023222.596679688
472,DEBIT,364.9800109863281
530,DEBIT,48915.71964263916
611,TRANSFER,3507384.9375
624,TRANSFER,13653540.640625
398,CASH_OUT,1851391660.11623
421,CASH_OUT,27451623.8515625
476,PAYMENT,14899309.860468864
476,CASH_IN,127181506.55749512
478,DEBIT,24210.760051727295
563,CASH_OUT,201297538.55395508
673,TRANSFER,14009202.078125
695,DEBIT,284017.43197631836
413,PAYMENT,661666.7373809814
442,PAYMENT,4200441.215388298
508,TRANSFER,953634.109375
614,TRANSFER,47546703.71386719
736,CASH_OUT,16265483.65234375
428,CASH_IN,114216788.40542603
452,DEBIT,4402.6099853515625
458,CASH_IN,19452973.842285156
531,PAYMENT,590653.3295288086
563,TRANSFER,311140487.548584
571,TRANSFER,245446197.23379517
590,CASH_OUT,405325815.8267174
707,CASH_OUT,25548259.030273438
708,TRANSFER,3229672.375
586,TRANSFER,108124236.21289062
657,CASH_OUT,6449236.80859375
700,TRANSFER,1094960.328125
385,CASH_IN,44029630.46185303
398,PAYMENT,142775254.51960754
429,DEBIT,42757.01025390625
495,PAYMENT,13016344.609680176
521,TRANSFER,5972994.86328125
525,CASH_OUT,297378767.7237854
546,PAYMENT,29279365.045361638
570,CASH_IN,70371346.72216797
577,PAYMENT,658001.8594474792
403,CASH_IN,1619187364.7295532
422,TRANSFER,80748319.72509766
442,DEBIT,37275.139404296875
470,TRANSFER,6964930.7900390625
577,CASH_OUT,12042884.844726562
650,TRANSFER,7726509.40625
694,TRANSFER,126919903.99365234
379,DEBIT,913535.8568878174
417,TRANSFER,3316259.640625
443,TRANSFER,4941633.09375
633,TRANSFER,4734841.265625
637,CASH_OUT,218987964.43746567
649,CASH_OUT,11084637.3125
384,CASH_OUT,109674008.14520264
532,TRANSFER,7961879.47265625
596,DEBIT,188826.1706161499
608,CASH_IN,43637378.048583984
694,DEBIT,162751.55110931396
374,CASH_IN,1117533310.1892242
379,TRANSFER,1843470166.3174858
381,CASH_OUT,628947189.331593
408,CASH_IN,230777873.6119194
479,PAYMENT,4455536.900707245
564,CASH_IN,164509835.89134598
644,TRANSFER,125632304.31347656
685,CASH_OUT,23772267.21484375
370,DEBIT,963500.2023696899
379,PAYMENT,149587666.73118043
474,DEBIT,14795.340209960938
485,CASH_OUT,8335194.8046875
439,DEBIT,23173.530303955078
465,CASH_OUT,10097910.76171875
525,TRANSFER,333520429.7366333
582,DEBIT,100401.42016601562
673,PAYMENT,1594038.7263641357
512,TRANSFER,12271274.5390625
678,TRANSFER,2480927.140625
705,PAYMENT,8621512.464012146
718,PAYMENT,5207230.741032124
380,CASH_IN,1254653336.0536196
455,DEBIT,12215.290405273438
474,PAYMENT,7631175.05907774
505,CASH_OUT,26694226.435424805
586,CASH_IN,81069209.4961319
642,TRANSFER,47124361.57080078
385,PAYMENT,8041556.2032699585
390,CASH_OUT,8617993.984375
394,CASH_OUT,1948730521.5077896
669,TRANSFER,13907700.87890625
677,CASH_OUT,22032550.0
379,CASH_IN,1412855085.6072645
422,DEBIT,21526.120178222656
535,CASH_OUT,1267552.8359375
547,TRANSFER,134441152.75061035
584,TRANSFER,13756305.859375
701,TRANSFER,12910278.3203125
721,TRANSFER,94856.177734375
393,CASH_IN,715262415.9636841
436,PAYMENT,307600.5990867615
466,DEBIT,10970.120361328125
482,CASH_OUT,3809126.869140625
439,PAYMENT,3983341.2881753445
528,CASH_IN,27322788.07672119
540,TRANSFER,526529592.161499
569,CASH_IN,57918345.606933594
598,DEBIT,4020.6900024414062
617,DEBIT,13636.560039520264
637,CASH_IN,146024793.3859253
672,PAYMENT,250185.23387145996
463,CASH_OUT,7787845.921875
500,TRANSFER,397046360.03982544
556,CASH_OUT,1560439.40625
614,CASH_OUT,60073137.89996338
664,DEBIT,3252.6701049804688
697,TRANSFER,3894327.09375
705,CASH_IN,108849187.60668945
490,TRANSFER,339782034.17785645
496,PAYMENT,3894583.1484375
585,CASH_IN,94829861.48358154
595,CASH_OUT,279523348.33529663
630,TRANSFER,19223943.883789062
630,CASH_IN,8716537.787719727
632,TRANSFER,1022503.0078125
431,CASH_IN,41081037.29956055
464,TRANSFER,9823925.0390625
579,TRANSFER,6695556.9765625
597,CASH_IN,94671848.66430664
622,TRANSFER,833821.484375
371,PAYMENT,152984507.72652304
416,TRANSFER,155494420.7772827
481,TRANSFER,3738033.7734375
594,CASH_IN,260110447.86802673
616,TRANSFER,8596468.6796875
677,TRANSFER,22032550.0
686,DEBIT,78275.69975280762
706,TRANSFER,1200551.4375
410,TRANSFER,14407957.7421875
426,CASH_OUT,300494106.7451477
428,DEBIT,35198.830169677734
509,CASH_OUT,15327134.107666016
521,CASH_OUT,5972994.86328125
599,TRANSFER,86154774.97399902
444,TRANSFER,27964990.46875
560,TRANSFER,2235609.2265625
568,TRANSFER,10506298.236816406
587,DEBIT,40416.58044433594
606,CASH_OUT,14900890.40625
431,DEBIT,44957.73973083496
543,CASH_OUT,2690258.8828125
549,CASH_OUT,20026220.06604004
552,DEBIT,22356.320190429688
565,DEBIT,120182.38013458252
664,PAYMENT,4629010.472783089
373,CASH_OUT,2031301523.7999544
395,CASH_OUT,1451523451.8445435
422,CASH_IN,77099904.63720703
424,CASH_OUT,11795983.90625
483,TRANSFER,24673840.098632812
568,CASH_OUT,10506298.236816406
692,TRANSFER,235529908.9880371
371,CASH_IN,1150642512.5286713
464,CASH_OUT,9823925.0390625
477,TRANSFER,19160596.375
565,CASH_IN,193580856.99067688
586,PAYMENT,4636146.977840424
598,TRANSFER,36121146.97216797
689,TRANSFER,10136703.578125
706,CASH_OUT,1200551.4375
371,CASH_OUT,1906143762.594265
386,TRANSFER,50941141.79577637
395,CASH_IN,1007144937.5912952
503,TRANSFER,82744595.27194214
547,CASH_OUT,115350154.8204155
548,TRANSFER,242852725.1409912
612,PAYMENT,10302967.709472656
649,TRANSFER,9981919.47265625
707,DEBIT,2638.030029296875
469,TRANSFER,449198982.779541
686,TRANSFER,293600648.4477539
452,PAYMENT,718020.5417785645
472,PAYMENT,451513.7048339844
526,PAYMENT,10501510.263316154
377,TRANSFER,1016651122.1522369
396,CASH_OUT,2351450984.753216
478,TRANSFER,130311526.09765625
504,CASH_OUT,5019757.359375
529,CASH_OUT,7376005.6484375
647,TRANSFER,4862508.21484375
656,CASH_IN,63835090.37158203
427,TRANSFER,11140046.578125
571,PAYMENT,10883788.976373672
633,CASH_OUT,4734841.265625
637,PAYMENT,18987171.985601425
688,DEBIT,181336.43013000488
713,TRANSFER,7059762.71875
406,TRANSFER,801117038.4273682
509,TRANSFER,15828205.560546875
520,TRANSFER,245641444.72998047
527,TRANSFER,105697166.94506836
563,CASH_IN,157370945.59017944
637,TRANSFER,211965171.96765137
696,CASH_OUT,1191055.4140625
715,PAYMENT,5286427.625035286
503,DEBIT,16871.660385131836
549,PAYMENT,2908995.210170746
689,CASH_OUT,10136703.578125
691,CASH_IN,165599977.70441437
569,PAYMENT,4484252.176483154
657,TRANSFER,6449236.80859375
393,TRANSFER,2499010791.9311523
442,CASH_OUT,46661571.66137695
455,PAYMENT,6312271.740999222
466,PAYMENT,6199800.113536835
478,PAYMENT,9118794.16152215
478,CASH_IN,65717359.43154335
372,CASH_IN,1307852812.046852
446,TRANSFER,11623602.640625
463,TRANSFER,7787845.921875
502,DEBIT,1615.8800048828125
681,DEBIT,129741.58085632324
716,PAYMENT,259236.0301208496
416,PAYMENT,11256126.688386917
508,CASH_OUT,953634.109375
545,PAYMENT,22438409.229711533
634,TRANSFER,9983668.53125
636,CASH_OUT,3297438.71875
661,CASH_IN,206063646.94241333
397,CASH_OUT,2153428889.5632
400,TRANSFER,2096715423.0041046
519,CASH_OUT,2931460.9169921875
580,PAYMENT,58267.149161338806
604,TRANSFER,5868050.640625
623,CASH_OUT,421336.078125
699,TRANSFER,11186146.0703125
709,DEBIT,92449.25030517578
402,PAYMENT,167013069.159432
578,CASH_OUT,17115965.49609375
381,DEBIT,1498800.818523407
424,TRANSFER,11795983.90625
490,CASH_OUT,236819466.39876366
539,TRANSFER,278483.0625
590,TRANSFER,474670956.0587158
620,CASH_OUT,735292.08203125
672,DEBIT,1387.9299621582031
529,TRANSFER,7856011.28125
641,CASH_OUT,5742423.647705078
715,TRANSFER,55604988.635253906
492,DEBIT,63462.71934509277
542,TRANSFER,305794297.8616333
543,TRANSFER,2690258.8828125
584,CASH_IN,12302594.805664062
648,CASH_OUT,3778443.865234375
659,CASH_OUT,148550984.81640625
709,PAYMENT,12587185.6311903
528,TRANSFER,30552814.69970703
541,CASH_OUT,21655332.09375
579,CASH_OUT,6695556.9765625
709,CASH_OUT,155619392.9989624
412,CASH_OUT,3465744.171875
502,CASH_OUT,18182898.7545166
513,TRANSFER,2176405.21875
534,CASH_IN,23788306.911743164
550,TRANSFER,231085947.92993164
619,TRANSFER,141930892.35546875
649,CASH_IN,16145904.447265625
675,PAYMENT,8137.97998046875
716,DEBIT,12230.2998046875
372,PAYMENT,139034060.9546399
378,PAYMENT,142873514.81134987
401,PAYMENT,188790257.93332022
426,DEBIT,66555.01944732666
492,CASH_OUT,315396022.2266846
564,DEBIT,568555.1934814453
608,PAYMENT,3944730.512802124
640,DEBIT,956.7899780273438
698,DEBIT,323.29998779296875
717,CASH_IN,10344988.963378906
469,CASH_OUT,422765449.4945984
471,DEBIT,20837.639820098877
498,CASH_OUT,21067471.765625
562,TRANSFER,17051807.512695312
623,TRANSFER,421336.078125
683,PAYMENT,7686734.385825157
690,CASH_IN,182787792.92974854
723,TRANSFER,10461546.59375
473,TRANSFER,711566.7739257812
525,CASH_IN,252914746.08530807
601,DEBIT,149008.86987304688
647,CASH_OUT,4862508.21484375
405,CASH_IN,546033767.6287613
631,CASH_OUT,17161454.112487793
642,PAYMENT,4005746.6626758575
670,CASH_IN,63813145.64343262
679,PAYMENT,172174.66818237305
493,DEBIT,12267.760009765625
565,TRANSFER,306524906.2877197
570,CASH_OUT,96875527.47576904
637,DEBIT,12487.299949645996
719,TRANSFER,9629677.7578125
497,CASH_OUT,22098402.3125
538,TRANSFER,455106295.62597656
591,PAYMENT,94407.7197265625
594,DEBIT,170586.53900146484
610,PAYMENT,3776846.9194660187
646,TRANSFER,67479325.96484375
399,CASH_IN,1267774309.6277733
420,DEBIT,23297.380249023438
493,PAYMENT,8012304.782772064
495,CASH_OUT,205008990.53741455
514,PAYMENT,43403584.1777935
548,DEBIT,324087.48962402344
558,TRANSFER,4236340.066162109
661,DEBIT,155146.86895751953
688,CASH_IN,325069889.1216278
496,TRANSFER,72881101.93579102
542,DEBIT,33249.78981781006
589,DEBIT,108144.16948509216
667,CASH_OUT,64846733.41227722
667,TRANSFER,52629355.65234375
694,CASH_IN,79563679.08874512
391,CASH_OUT,6821483.29296875
448,PAYMENT,12615097.049905777
453,TRANSFER,13233241.203125
669,CASH_OUT,19235294.055664062
415,CASH_OUT,5869433.4677734375
434,CASH_OUT,7533189.505859375
502,TRANSFER,19116487.9609375
609,CASH_OUT,981466.640625
674,TRANSFER,21013979.3984375
693,CASH_OUT,1482536.5
718,CASH_OUT,36373053.74975586
431,PAYMENT,8382537.526317596
460,PAYMENT,33804.34977722168
476,DEBIT,46152.59996032715
721,CASH_OUT,94856.177734375
732,CASH_OUT,2195975.51171875
386,PAYMENT,3434133.0484657288
395,PAYMENT,131332108.79424286
446,CASH_OUT,11623602.640625
487,TRANSFER,57767840.28125
578,PAYMENT,184034.71096611023
615,TRANSFER,9432148.3671875
692,CASH_IN,225348925.58462524
385,CASH_OUT,32967268.030029297
404,CASH_OUT,1887919313.2810462
479,CASH_OUT,18910269.04333496
518,CASH_IN,157420080.69140625
548,CASH_IN,177293908.00675964
396,TRANSFER,2496481785.520569
477,CASH_OUT,19160596.375
542,CASH_IN,163007445.22462463
397,TRANSFER,2293001611.79541
432,CASH_OUT,2057775.75
513,CASH_OUT,2176405.21875
540,CASH_OUT,314101935.6631851
552,PAYMENT,7323357.275691986
564,CASH_OUT,244637922.4653778
612,DEBIT,22677.670166015625
676,TRANSFER,9058945.71875
695,PAYMENT,10594389.15580368
698,TRANSFER,38531561.00390625
709,CASH_IN,96340293.84005737
388,CASH_OUT,17032028.903320312
404,PAYMENT,141735009.63736677
474,CASH_OUT,170154826.6055298
509,DEBIT,1848.8399658203125
651,CASH_OUT,13724670.5
670,TRANSFER,91961995.94604492
675,TRANSFER,25256685.25
710,PAYMENT,10172922.027816772
380,DEBIT,1059466.5241889954
545,CASH_OUT,202170575.32424927
583,TRANSFER,6218599.983154297
385,DEBIT,174979.7993774414
393,PAYMENT,136858867.85692155
599,PAYMENT,7286453.033165932
712,TRANSFER,1243804.2202148438
742,TRANSFER,7161867.80859375
403,TRANSFER,2366385513.614197
429,CASH_OUT,87011972.38830566
479,CASH_IN,25797654.3157959
512,CASH_OUT,12271274.5390625
577,CASH_IN,19112147.217163086
587,TRANSFER,247971328.49023438
617,CASH_OUT,186682925.7192917
428,CASH_OUT,126108244.9322815
526,DEBIT,228736.79071044922
680,CASH_OUT,30057295.314453125
743,CASH_OUT,8759913.0
375,DEBIT,973033.4543981552
394,DEBIT,862006.6387023926
563,PAYMENT,11062782.977016449
644,CASH_OUT,119555321.4203186
695,TRANSFER,102756561.89538574
714,CASH_OUT,62622889.20477295
731,CASH_OUT,1940477.6796875
453,PAYMENT,252638.78033447266
460,CASH_OUT,6770763.1748046875
608,CASH_OUT,49819669.60620117
676,CASH_OUT,9058945.71875
723,CASH_OUT,10461546.59375
376,TRANSFER,3951861658.458832
417,CASH_OUT,3316259.640625
423,CASH_OUT,47793526.24511719
482,TRANSFER,3809126.869140625
493,CASH_IN,83016185.43989563
494,CASH_OUT,11328256.3515625
495,TRANSFER,371872550.8939209
536,CASH_OUT,3671372.1796875
382,PAYMENT,69720241.69333458
491,CASH_OUT,4824577.7421875
541,TRANSFER,21655332.09375
605,CASH_OUT,5209131.96875
684,CASH_IN,202465417.65093994
378,CASH_IN,1302811639.998762
403,PAYMENT,170074864.73470354
420,CASH_OUT,163370348.10021973
471,TRANSFER,186440757.6015625
597,TRANSFER,136674146.08898926
664,CASH_OUT,72768872.64556885
736,TRANSFER,16265483.65234375
737,CASH_OUT,4780059.90625
559,CASH_OUT,4307218.0
596,TRANSFER,709806349.6096191
730,TRANSFER,66159844.87249756
425,TRANSFER,64941755.44921875
454,PAYMENT,111806.90905761719
666,CASH_OUT,763643.546875
707,PAYMENT,1056100.2738304138
730,CASH_OUT,48843589.87249756
402,CASH_IN,1472839725.9119186
408,PAYMENT,45817910.07849336
376,PAYMENT,102947591.81816006
413,CASH_OUT,19483295.19659424
451,TRANSFER,199125720.54956055
533,TRANSFER,6534721.765625
551,PAYMENT,3551527.276579857
564,TRANSFER,170108500.93432617
594,PAYMENT,16302015.273986816
682,TRANSFER,438781.1669921875
694,CASH_OUT,107086944.77842712
428,PAYMENT,8508008.96290472
430,TRANSFER,6678467.6875
493,TRANSFER,213489174.43847656
530,TRANSFER,19894310.294433594
732,TRANSFER,2195975.51171875
418,CASH_OUT,1379136.39453125
471,PAYMENT,11724731.06507492
544,TRANSFER,622860483.3500977
555,DEBIT,3167.0899658203125
555,CASH_IN,7896760.291015625
619,DEBIT,29304.849990844727
728,CASH_OUT,10828032.625
402,DEBIT,596500.6993103027
407,CASH_IN,231874712.68130493
411,TRANSFER,22217233.78125
422,PAYMENT,10732257.233119965
506,TRANSFER,18664902.5
567,TRANSFER,183114847.18017578
675,CASH_OUT,16988478.2421875
726,TRANSFER,10106992.166992188
374,DEBIT,900499.6180267334
504,TRANSFER,5019757.359375
592,TRANSFER,330407310.28125
609,TRANSFER,981466.640625
635,TRANSFER,4878587.037109375
717,CASH_OUT,27545211.326416016
436,TRANSFER,27134223.661132812
466,TRANSFER,64144051.45800781
570,PAYMENT,6373979.853004456
598,CASH_IN,31779458.15185547
621,DEBIT,920.4399719238281
685,TRANSFER,23772267.21484375
695,CASH_OUT,72929388.10809326
373,DEBIT,1146011.1455078125
492,TRANSFER,601129857.0043945
502,PAYMENT,673252.1913490295
549,DEBIT,19708.290008544922
679,DEBIT,8760.240234375
687,CASH_OUT,517562105.43801117
379,CASH_OUT,2440927690.4470787
522,DEBIT,428765.04069519043
585,PAYMENT,6244023.422631264
639,CASH_OUT,1916999.6328125
408,CASH_OUT,249130936.44943237
453,DEBIT,2615.9599609375
474,CASH_IN,135607395.57232666
578,CASH_IN,21032819.096801758
714,PAYMENT,1671724.9602890015
384,TRANSFER,213381543.5079422
582,CASH_OUT,26090029.792236328
585,TRANSFER,96145190.87353516
597,DEBIT,24982.98992919922
640,PAYMENT,3706544.607574582
711,TRANSFER,7185662.703125
728,TRANSFER,10828032.625
737,TRANSFER,4780059.90625
370,PAYMENT,117148753.48800182
377,CASH_OUT,1231461078.794487
416,CASH_OUT,108505227.66021729
423,DEBIT,20869.119750976562
436,CASH_IN,15991870.538879395
447,TRANSFER,8513564.6875
499,CASH_OUT,1911747.4296875
517,TRANSFER,81895218.78112793
528,PAYMENT,4889882.498328209
531,DEBIT,12346.83999633789
557,TRANSFER,9671781.67553711
610,CASH_IN,48349463.23712158
640,CASH_IN,74311891.53393555
707,TRANSFER,17318430.416503906
739,CASH_OUT,8293915.467285156
406,PAYMENT,82078321.63113022
445,CASH_OUT,5243497.902832031
458,TRANSFER,7139441.71875
474,TRANSFER,264930531.0745697
492,PAYMENT,37693042.2077837
527,PAYMENT,12152277.635996342
534,PAYMENT,2435929.7101192474
566,TRANSFER,53449007.471710205
595,TRANSFER,254011490.6807251
718,DEBIT,42846.3101978302
401,CASH_IN,1247424446.9953156
537,TRANSFER,3595581.4604492188
574,PAYMENT,10050859.310531616
596,PAYMENT,30739486.108697414
617,TRANSFER,182885514.7993164
716,CASH_OUT,17222116.389190674
456,TRANSFER,15974981.961914062
458,CASH_OUT,12714057.256225586
538,CASH_OUT,196853163.29711914
545,TRANSFER,168613053.0444336
567,CASH_OUT,311890841.6156616
589,CASH_IN,233065280.0914383
591,TRANSFER,10261983.4921875
644,PAYMENT,8838553.886518478
658,TRANSFER,11274443.03515625
679,CASH_IN,1062088.193359375
717,DEBIT,25364.210079193115
419,CASH_OUT,70305843.10838318
445,PAYMENT,103490.34790039062
470,CASH_OUT,6964930.7900390625
517,PAYMENT,9282711.882476807
518,CASH_OUT,209789186.20981598
550,DEBIT,197792.44981384277
565,CASH_OUT,403618545.8234253
582,TRANSFER,16838255.887451172
598,CASH_OUT,29263632.97705078
687,CASH_IN,329812942.0083008
705,CASH_OUT,122074732.28167725
431,TRANSFER,79804069.6796875
452,TRANSFER,18582319.53515625
494,TRANSFER,11328256.3515625
595,PAYMENT,15045657.341227531
628,TRANSFER,1194322.8046875
632,CASH_OUT,1022503.0078125
655,TRANSFER,299407.3984375
691,CASH_OUT,229550278.8086548
697,CASH_OUT,3894327.09375
705,DEBIT,140835.78048706055
714,CASH_IN,25905093.844482422
380,PAYMENT,146075039.54041144
384,PAYMENT,21431127.20154524
467,TRANSFER,3336949.1118164062
486,CASH_OUT,6153925.6875
572,TRANSFER,5630588.96875
608,DEBIT,5286.679992675781
611,CASH_OUT,3507384.9375
614,PAYMENT,4997277.7670784
717,TRANSFER,17375153.46130371
725,TRANSFER,996581.8671875
399,DEBIT,401318.2207636833
507,CASH_OUT,21053603.75
559,TRANSFER,4307218.0
592,PAYMENT,14632979.391429901
391,TRANSFER,6821483.29296875
394,PAYMENT,187331086.25623548
419,PAYMENT,17139130.524352074
599,DEBIT,27396.750122070312
640,CASH_OUT,99964998.23590851
641,TRANSFER,5742423.647705078
670,DEBIT,32422.77980041504
397,CASH_IN,1281324963.7381744
431,CASH_OUT,47266929.03625488
448,TRANSFER,148411030.1533203
465,TRANSFER,10097910.76171875
544,CASH_IN,405208040.7035675
649,DEBIT,34295.600006103516
384,CASH_IN,98654488.37037659
414,CASH_OUT,20197672.921875
425,CASH_OUT,45356715.44921875
426,PAYMENT,20668383.974933624
441,CASH_OUT,8352478.2890625
471,CASH_IN,120664657.20117188
656,TRANSFER,97103387.85131836
660,CASH_OUT,968848.8745117188
399,PAYMENT,181910036.44836283
539,CASH_OUT,278483.0625
592,DEBIT,89515.03009271622
597,PAYMENT,7800203.4144592285
684,PAYMENT,20709474.052404404
413,TRANSFER,25426894.19268799
456,CASH_OUT,15974981.961914062
517,DEBIT,16271.209716796875
544,PAYMENT,53928411.28225613
595,DEBIT,134706.65844726562
588,CASH_IN,186973959.7428589
621,TRANSFER,70307032.09082031
485,TRANSFER,8335194.8046875
496,CASH_IN,39291294.582387924
509,CASH_IN,17259447.56781006
562,CASH_OUT,17051807.512695312
580,CASH_OUT,7139080.625
642,CASH_OUT,51323265.35757446
522,CASH_IN,685214048.9993439
526,CASH_OUT,74411415.88317871
667,DEBIT,9965.579895019531
672,CASH_OUT,13334203.080078125
694,PAYMENT,13863823.130702972
509,PAYMENT,483234.7234725952
561,TRANSFER,8655534.376953125
578,DEBIT,16673.639862060547
636,TRANSFER,3297438.71875
672,CASH_IN,6140267.06640625
703,TRANSFER,7361532.8251953125
715,DEBIT,91046.84924316406
461,CASH_OUT,14428919.66015625
487,DEBIT,63303.04000854492
524,TRANSFER,132220950.62564087
622,CASH_OUT,833821.484375
691,PAYMENT,20560469.44866419
693,TRANSFER,1482536.5
714,DEBIT,34414.78973388672
505,TRANSFER,40324113.06152344
555,PAYMENT,269343.01158714294
666,TRANSFER,763643.546875
688,PAYMENT,30201589.014128685
377,CASH_IN,637646867.6035423
420,TRANSFER,227384724.14501953
462,TRANSFER,6466965.46875
610,DEBIT,56074.4196472168
621,PAYMENT,4435912.605049133
690,DEBIT,71759.36959838867
383,TRANSFER,530369523.4680786
403,DEBIT,911025.0911166668
459,CASH_OUT,1481050.9926757812
490,DEBIT,2730005.4453125
566,CASH_IN,62876754.210510254
574,CASH_OUT,86419864.56105423
600,CASH_OUT,17907195.875
652,TRANSFER,6900055.859375
653,TRANSFER,1667944.6109390259
710,CASH_IN,67316732.99969482
393,DEBIT,6088850.836919785
426,TRANSFER,380870660.00097656
533,CASH_OUT,6534721.765625
549,TRANSFER,14044297.839050293
595,CASH_IN,176995420.23236084
688,CASH_OUT,493631784.0256386
707,CASH_IN,15186604.313232422
479,TRANSFER,49578349.646484375
501,TRANSFER,39807335.578125
516,CASH_OUT,24658015.25
520,PAYMENT,13910356.685738564
691,TRANSFER,199050577.00402832
720,TRANSFER,808623.23046875
402,CASH_OUT,2547992743.9288387
490,PAYMENT,19261857.977251053
500,CASH_OUT,268969127.6517639
532,PAYMENT,342824.1583824158
546,CASH_OUT,449152027.1819153
573,PAYMENT,12278579.301508188
618,CASH_OUT,2046691.0703125
659,TRANSFER,595466276.1025391
681,CASH_OUT,295582366.95028687
686,PAYMENT,18508411.262275696
382,CASH_IN,389190660.49163055
407,PAYMENT,53059723.83583534
409,TRANSFER,55148887.421875
449,CASH_OUT,61736576.11364746
459,TRANSFER,1481050.9926757812
535,TRANSFER,1267552.8359375
553,TRANSFER,2338708.546875
569,TRANSFER,63727444.548828125
656,DEBIT,18849.72013092041
724,TRANSFER,3060056.8359375
407,TRANSFER,437160199.19885254
429,PAYMENT,7507885.923050284
435,CASH_OUT,1509270.53125
473,CASH_OUT,711566.7739257812
551,TRANSFER,28966167.49951172
588,DEBIT,161463.7101330757
718,CASH_IN,8917419.674804688
450,CASH_OUT,21451633.970703125
455,CASH_IN,24050379.967552185
520,DEBIT,50768.150217056274
538,DEBIT,61994.97964477539
555,CASH_OUT,6518500.616699219
612,TRANSFER,169995562.73919678
672,TRANSFER,21306669.4342041
383,PAYMENT,45432719.31970149
409,CASH_OUT,47208561.3203125
530,CASH_IN,19525535.745117188
642,DEBIT,4660.93994140625
664,TRANSFER,73751747.55908203
392,TRANSFER,3967679.28125
406,CASH_IN,369486077.5933304
445,CASH_IN,431558.515625
570,DEBIT,19211.71026611328
573,DEBIT,98989.74981689453
658,CASH_OUT,11274443.03515625
673,DEBIT,54155.47019958496
503,PAYMENT,8628692.831792593
532,DEBIT,4364.580078125
574,DEBIT,104230.99917602539
688,TRANSFER,338281286.27978516
373,TRANSFER,2037992479.5285645
380,TRANSFER,1473300525.1784363
382,TRANSFER,762929495.2015076
421,TRANSFER,27451623.8515625
514,DEBIT,344456.45024871826
621,CASH_OUT,59707329.97064209
659,CASH_IN,121939380.66400146
692,CASH_OUT,337320374.3464527
704,TRANSFER,15512878.25
407,DEBIT,406372.49970436096
449,CASH_IN,46715968.702697754
510,TRANSFER,8175986.171875
594,TRANSFER,324391602.81347656
373,CASH_IN,1201014039.0581255
436,DEBIT,16736.80010986328
475,CASH_OUT,2083918.767578125
503,CASH_IN,50917981.01507568
511,CASH_OUT,1520491.9750976562
527,CASH_IN,81400430.73284912
555,TRANSFER,8362435.904296875
582,CASH_IN,21382224.329101562
589,CASH_OUT,387071269.9221344
654,CASH_OUT,2122160.01171875
661,TRANSFER,341629018.6016216
678,CASH_OUT,2480927.140625
699,DEBIT,1861.5100708007812
372,CASH_OUT,1976240328.5783625
378,DEBIT,949463.1156392097
423,CASH_IN,43402091.55908203
520,CASH_OUT,199570845.17541122
573,TRANSFER,136763662.01605225
588,TRANSFER,280269761.6477051
625,CASH_OUT,29593562.826171875
674,CASH_OUT,21013979.3984375
690,TRANSFER,210707542.26171875
569,CASH_OUT,70322810.31695557
574,TRANSFER,102345332.6809082
583,CASH_OUT,6218599.983154297
605,TRANSFER,5209131.96875
630,PAYMENT,327467.69916534424
662,TRANSFER,1468304.375
374,CASH_OUT,1867627459.017624
375,CASH_OUT,1702283183.608065
406,CASH_OUT,483768403.3227539
413,DEBIT,2558.420051574707
437,CASH_OUT,12023222.596679688
441,TRANSFER,8352478.2890625
448,CASH_OUT,127248818.39775848
486,TRANSFER,6153925.6875
500,CASH_IN,190668980.6618805
522,CASH_OUT,1132326453.6670837
532,CASH_OUT,5617740.6552734375
544,CASH_OUT,562478083.1314774
634,CASH_OUT,9983668.53125
397,DEBIT,662111.670261383
488,TRANSFER,5767824.6328125
498,TRANSFER,21067471.765625
511,TRANSFER,1520491.9750976562
523,TRANSFER,34770071.474609375
546,DEBIT,102702.31890106201
612,CASH_OUT,142831789.90506744
656,CASH_OUT,92632158.71429825
667,PAYMENT,3903664.1936490536
690,CASH_OUT,291127352.17038727
378,CASH_OUT,2332525079.040861
449,DEBIT,4746.6900634765625
550,CASH_IN,133809968.50201416
551,DEBIT,24676.250061035156
388,TRANSFER,17032028.903320312
433,CASH_OUT,1870176.9448242188
499,TRANSFER,1911747.4296875
537,CASH_OUT,3595581.4604492188
629,CASH_OUT,13650017.370483398
458,PAYMENT,1414575.8244142532
503,CASH_OUT,44042269.00914574
722,CASH_OUT,4755657.8359375
393,CASH_OUT,1219804955.9452057
444,CASH_OUT,27964990.46875
517,CASH_IN,59046963.8059082
522,PAYMENT,79384252.73709917
551,CASH_IN,33926063.41137695
581,TRANSFER,4054521.734375
596,CASH_OUT,401916243.22807693
691,DEBIT,60220.81018066406
432,TRANSFER,2057775.75
453,CASH_OUT,6059078.548828125
569,DEBIT,7538.129837036133
577,DEBIT,49607.400634765625
592,CASH_OUT,338626454.29680634
717,PAYMENT,2349199.733382225
735,TRANSFER,1577761.6640625
375,PAYMENT,125416797.9868778
382,CASH_OUT,434942522.25512695
550,PAYMENT,22357888.176506042
602,CASH_OUT,2848992.1875
613,TRANSFER,8672114.01171875
671,TRANSFER,33884503.103759766
495,DEBIT,11626.980285644531
593,CASH_OUT,397923.34375
715,CASH_OUT,129664936.34759521
450,TRANSFER,21451633.970703125
478,CASH_OUT,44459241.61709595
496,CASH_OUT,46269557.14051819
703,CASH_OUT,7361532.8251953125
710,DEBIT,66411.2702255249
451,DEBIT,23593.609954833984
476,CASH_OUT,179298708.56417847
558,CASH_OUT,4236340.066162109
601,CASH_IN,24836223.3959198
630,DEBIT,399.3399963378906
394,TRANSFER,3097887618.748474
546,TRANSFER,369797779.6945801
567,CASH_IN,181519466.9871521
630,CASH_OUT,5364217.97265625
718,TRANSFER,27655347.99169922
727,CASH_OUT,7926108.34375
404,CASH_IN,1199492983.6622047
435,TRANSFER,1509270.53125
439,TRANSFER,31246477.52734375
575,CASH_OUT,2181204.8515625
577,TRANSFER,13328429.935546875
586,CASH_OUT,123277090.82692719
602,TRANSFER,2848992.1875
624,CASH_OUT,13653540.640625
652,CASH_OUT,6900055.859375
660,TRANSFER,968848.8745117188
733,CASH_OUT,3056601.67578125
490,CASH_IN,172318768.2911133
545,CASH_IN,151686325.75741577
582,PAYMENT,4238776.903232694
710,TRANSFER,105700865.4399414
526,TRANSFER,105774848.13435364
671,CASH_OUT,30443461.603759766
385,TRANSFER,57082705.44824219
403,CASH_OUT,2590202390.4530983
409,DEBIT,22546.61000061035
466,CASH_OUT,52926167.423339844
617,PAYMENT,12499845.610351562
683,CASH_OUT,163126381.52752686
408,DEBIT,671100.2989196777
419,DEBIT,33717.32995605469
448,DEBIT,48053.48015975952
483,CASH_IN,19142231.632141113
518,TRANSFER,268077167.99749756
525,PAYMENT,72293590.29807854
564,PAYMENT,13514383.769879758
567,DEBIT,34505.69004821777
571,CASH_IN,170027322.186203
714,TRANSFER,34741139.06542969
401,TRANSFER,2069842439.09729
410,CASH_OUT,14407957.7421875
416,DEBIT,58817.500202178955
488,CASH_OUT,5767824.6328125
531,CASH_OUT,18473772.649536133
538,CASH_IN,140715141.07076263
567,PAYMENT,15873143.375041485
578,TRANSFER,20672666.98046875
603,TRANSFER,9659296.45703125
618,TRANSFER,2046691.0703125
395,DEBIT,642692.1989746094
398,TRANSFER,1938339686.1307096
479,DEBIT,20992.950317382812
489,TRANSFER,10030302.963378906
576,DEBIT,57110.74005126953
621,CASH_IN,32641403.252685547
679,CASH_OUT,6096468.43359375
397,PAYMENT,187094929.9695115
399,CASH_OUT,2029922306.9848938
462,CASH_OUT,6466965.46875
614,CASH_IN,63424550.85709381
409,CASH_IN,19184196.610839844
542,CASH_OUT,270813891.3242874
576,TRANSFER,33811940.55090332
581,CASH_OUT,4054521.734375
591,CASH_OUT,12381758.04296875
712,PAYMENT,60565.8515625
716,TRANSFER,13275870.943359375
375,CASH_IN,1058232260.042366
405,CASH_OUT,706166058.7813998
428,TRANSFER,120312967.02203369
527,CASH_OUT,76523861.91267395
565,PAYMENT,25576402.357250214
664,CASH_IN,55368969.85534668
679,TRANSFER,17709155.46484375
713,CASH_OUT,7059762.71875
387,TRANSFER,76064920.20898438
415,TRANSFER,5869433.4677734375
445,TRANSFER,14825556.361328125
484,CASH_OUT,250567.6015625
536,TRANSFER,3671372.1796875
589,PAYMENT,39072889.57506561
627,CASH_OUT,3709541.375
662,CASH_OUT,1468304.375
686,CASH_OUT,325469565.7069626
740,CASH_OUT,3816481.75
376,CASH_IN,772356341.3512726
449,PAYMENT,5528909.069004059
471,CASH_OUT,160214958.7691269
507,TRANSFER,21053603.75
524,CASH_IN,104104823.09527588
590,CASH_IN,237211547.3968506
643,TRANSFER,7914849.314086914
708,CASH_OUT,3229672.375
534,DEBIT,9638.170013427734
570,TRANSFER,116564458.1873169
381,CASH_IN,459742542.40449524
389,CASH_OUT,12797929.828125
434,TRANSFER,7533189.505859375
452,CASH_OUT,21786871.4765625
455,CASH_OUT,17403363.48083496
588,PAYMENT,26026285.35926056
590,DEBIT,138628.10011291504
610,TRANSFER,41822601.931152344
681,TRANSFER,405805904.87908936
742,CASH_OUT,7161867.80859375
484,TRANSFER,250567.6015625
542,PAYMENT,24248200.47770691
649,PAYMENT,413030.28148937225
394,CASH_IN,1198969051.3178024
400,CASH_OUT,2085865107.7906647
439,CASH_IN,34496249.809173584
487,CASH_OUT,19217568.874023438
596,CASH_IN,316579073.8657532
610,CASH_OUT,57690372.59869385
684,DEBIT,47872.97996520996
398,DEBIT,329289.2194213867
405,DEBIT,394375.5015563965
412,TRANSFER,3465744.171875
451,CASH_IN,129061157.9678421
522,TRANSFER,1773372866.9575806
547,CASH_IN,102858506.38442993
585,CASH_OUT,102534430.46307373
370,CASH_IN,1088561336.7982273
372,DEBIT,1007187.9484558105
466,CASH_IN,42259435.722717285
467,CASH_OUT,3336949.1118164062
469,DEBIT,78772.59963989258
480,TRANSFER,972629.53125
483,PAYMENT,415786.199054718
534,TRANSFER,9735086.021484375
409,PAYMENT,2685411.6491394043
439,CASH_OUT,20429450.479492188
472,CASH_OUT,10269273.982421875
531,TRANSFER,22223817.900878906
545,DEBIT,152299.37937927246
548,CASH_OUT,260377903.37582397
580,TRANSFER,9617945.2734375
552,CASH_IN,63465425.12841797
404,TRANSFER,1632159885.4256191
699,CASH_OUT,5162624.26953125
705,TRANSFER,121685060.79296875
735,CASH_OUT,1577761.6640625
413,CASH_IN,10461219.32434082
560,CASH_OUT,2235609.2265625
604,CASH_OUT,5868050.640625
617,CASH_IN,109840076.30810547
646,CASH_OUT,57080280.87109375
684,TRANSFER,987698262.0467834
401,DEBIT,476856.7602996826
476,TRANSFER,271980256.99328613
593,TRANSFER,397923.34375
669,PAYMENT,632877.3105010986
704,CASH_OUT,15512878.25
712,CASH_OUT,3019477.2529296875
406,DEBIT,657788.5891361237
429,CASH_IN,89471794.10410309
547,DEBIT,28190.579711914062
576,PAYMENT,3997764.250535965
642,CASH_IN,51093756.85888672
650,CASH_OUT,7726509.40625
661,PAYMENT,17791262.579331756
668,TRANSFER,13445251.65625
442,TRANSFER,46035096.52612305
493,CASH_OUT,117810606.31182861
505,PAYMENT,5192031.525100231
528,DEBIT,32960.89015197754
597,CASH_OUT,95120811.93363953
682,CASH_OUT,438781.1669921875
709,TRANSFER,95474064.0871582
720,CASH_OUT,808623.23046875
374,TRANSFER,1888698189.1356354
376,DEBIT,808767.9184112549
438,CASH_OUT,6994170.015625
515,TRANSFER,427481.482421875
518,DEBIT,67324.38983917236
373,PAYMENT,136079793.45750555
447,CASH_OUT,8513564.6875
454,TRANSFER,10692087.453125
603,CASH_OUT,9659296.45703125
607,TRANSFER,701345.62109375
645,CASH_OUT,12139875.73828125
698,PAYMENT,82687.58056640625
386,DEBIT,72422.18955612183
396,DEBIT,1772041.7037143707
420,CASH_IN,114983922.46710205
500,DEBIT,22622.320251464844
517,CASH_OUT,82858549.71476746
524,CASH_OUT,113705764.12989044
538,PAYMENT,11187003.569740295
619,PAYMENT,8623979.085653782
702,TRANSFER,34293876.578125
420,PAYMENT,10413391.384685516
489,CASH_OUT,10030302.963378906
528,CASH_OUT,22521246.39703369
556,TRANSFER,1560439.40625
724,CASH_OUT,3060056.8359375
374,PAYMENT,128838937.62715709
734,CASH_OUT,13913703.19921875
741,TRANSFER,46751770.55859375
375,TRANSFER,2623941040.104492
389,TRANSFER,12797929.828125
457,TRANSFER,2498070.296875
643,CASH_OUT,7914849.314086914
390,TRANSFER,8617993.984375
411,CASH_OUT,22217233.78125
448,CASH_IN,93932817.9276123
702,CASH_OUT,31122791.078125
453,CASH_IN,578204.5234375
472,CASH_IN,1118610.9765625
551,CASH_OUT,32105545.295650482
687,TRANSFER,489141886.9623909
497,TRANSFER,22098402.3125
561,CASH_OUT,8655534.376953125
613,CASH_IN,73881.296875
615,CASH_OUT,9432148.3671875
698,CASH_OUT,31421731.630859375
701,CASH_OUT,12910278.3203125
371,DEBIT,672745.1913223267
402,TRANSFER,2407943436.8520203
554,CASH_OUT,41150209.17993164
738,TRANSFER,1441851.484375
469,PAYMENT,25602107.211669445
546,CASH_IN,321091850.64359254
626,TRANSFER,132700.021484375
669,DEBIT,1680.0700073242188
741,CASH_OUT,41077222.55859375
376,CASH_OUT,1310998990.4238021
384,DEBIT,273249.860370636
452,CASH_IN,21578068.845169067
454,CASH_OUT,2514864.1389160156
518,PAYMENT,14569099.59906125
576,CASH_OUT,15610865.615966797
663,TRANSFER,1621036.15625
733,TRANSFER,3056601.67578125
370,TRANSFER,3425967396.8290405
383,DEBIT,539463.9787902832
440,TRANSFER,53212448.0
520,CASH_IN,130194004.50181198
584,DEBIT,2404.659912109375
638,TRANSFER,15222545.2734375
653,CASH_OUT,1667944.6109390259
400,DEBIT,485152.9305033684
423,TRANSFER,27085558.069335938
468,TRANSFER,4213878.125
663,CASH_OUT,1621036.15625
683,TRANSFER,197749244.73291016
716,CASH_IN,2139821.3046875
726,CASH_OUT,10106992.166992188
383,CASH_IN,218715804.33073425
405,TRANSFER,914941085.7457085
492,CASH_IN,218540082.34657288
554,TRANSFER,44726506.17993164
619,CASH_OUT,131493024.7040863
654,TRANSFER,2122160.01171875
739,TRANSFER,8293915.467285156
502,CASH_IN,18730360.271118164
510,CASH_OUT,8175986.171875
601,CASH_OUT,15450157.589042664
659,DEBIT,32545.149658203125
715,CASH_IN,55677872.61328125
377,DEBIT,339393.409072876
401,CASH_OUT,2212386105.412422
451,PAYMENT,12090890.170571327
619,CASH_IN,97654850.76568604
681,PAYMENT,18907022.176081896
696,TRANSFER,1191055.4140625
468,CASH_OUT,4213878.125
515,CASH_OUT,427481.482421875
516,TRANSFER,24658015.25
588,CASH_OUT,281827136.9870815
607,CASH_OUT,701345.62109375
613,CASH_OUT,11968057.885742188
655,CASH_OUT,299407.3984375
665,TRANSFER,4452408.75
665,CASH_OUT,4452408.75
727,TRANSFER,7926108.34375
382,DEBIT,647154.9459686279
396,CASH_IN,1379858280.0781012
422,CASH_OUT,75304564.77468872
461,TRANSFER,24173179.708007812
480,CASH_OUT,972629.53125
571,CASH_OUT,210681161.6560974
589,TRANSFER,411281942.464592
629,TRANSFER,13650017.370483398
680,TRANSFER,30057295.314453125
423,PAYMENT,3121398.139087677
514,CASH_IN,354774220.0093088
525,DEBIT,363038.9428062439
527,DEBIT,125195.16844177246
529,PAYMENT,9889.64990234375
591,CASH_IN,319369.53125
599,CASH_OUT,43832366.17047858
644,CASH_IN,77168340.55381966
734,TRANSFER,13913703.19921875
372,TRANSFER,2082414684.1832275
440,CASH_OUT,53212448.0
506,CASH_OUT,18664902.5
524,PAYMENT,17725498.534902573
547,PAYMENT,7038402.761291504
669,CASH_IN,25036325.535888672
699,PAYMENT,39595.240173339844
738,CASH_OUT,1441851.484375
427,CASH_OUT,11140046.578125
451,CASH_OUT,183626671.8581543
523,CASH_OUT,34770071.474609375
544,DEBIT,427195.3181915283
612,CASH_IN,119674837.67596436
626,CASH_OUT,132700.021484375
496,DEBIT,13582.099922180176
566,DEBIT,7140.440078735352
584,CASH_OUT,15810745.104370117
606,TRANSFER,14900890.40625
639,TRANSFER,1916999.6328125
673,CASH_OUT,10940005.637268066
